OPEN,VALUE,CLOSE,CHART_DATE,HIGH,LOW
1.24,297600.0,1.24,"Aug 03, 2009 00:00:00",1.24,1.24
1.24,1984000.0,1.24,"Aug 04, 2009 00:00:00",1.24,1.24
1.28,1280.0,1.28,"Aug 11, 2009 00:00:00",1.28,1.28
1.28,11520.0,1.28,"Aug 14, 2009 00:00:00",1.28,1.28
1.28,477600.0,1.28,"Aug 17, 2009 00:00:00",1.28,1.2
1.28,3860.0,1.3,"Aug 18, 2009 00:00:00",1.3,1.28
1.2,643600.0,1.2,"Aug 24, 2009 00:00:00",1.24,1.2
1.3,576300.0,1.2,"Aug 25, 2009 00:00:00",1.3,1.2
1.2,184000.0,1.24,"Aug 26, 2009 00:00:00",1.24,1.2
1.22,19520.0,1.22,"Sep 03, 2009 00:00:00",1.22,1.22
1.24,406720.0,1.24,"Sep 04, 2009 00:00:00",1.24,1.24
1.18,1180.0,1.18,"Oct 01, 2009 00:00:00",1.18,1.18
1.18,43660.0,1.18,"Oct 02, 2009 00:00:00",1.18,1.18
1.2,2400.0,1.2,"Oct 05, 2009 00:00:00",1.2,1.2
1.2,82620.0,1.18,"Oct 06, 2009 00:00:00",1.2,1.18
1.2,6000.0,1.2,"Oct 08, 2009 00:00:00",1.2,1.2
1.2,26400.0,1.2,"Oct 12, 2009 00:00:00",1.2,1.2
1.2,7200.0,1.2,"Oct 13, 2009 00:00:00",1.2,1.2
1.22,411340.0,1.24,"Oct 14, 2009 00:00:00",1.24,1.22
1.24,634280.0,1.2,"Oct 15, 2009 00:00:00",1.24,1.2
1.18,17700.0,1.18,"Oct 16, 2009 00:00:00",1.18,1.18
1.22,865420.0,1.2,"Oct 20, 2009 00:00:00",1.24,1.2
1.24,1153100.0,1.18,"Oct 21, 2009 00:00:00",1.24,1.18
1.18,25000.0,1.2,"Oct 29, 2009 00:00:00",1.2,1.18
1.18,282020.0,1.18,"Oct 30, 2009 00:00:00",1.18,1.18
1.18,1180.0,1.18,"Nov 03, 2009 00:00:00",1.18,1.18
1.22,357800.0,1.18,"Nov 04, 2009 00:00:00",1.22,1.18
1.2,328440.0,1.22,"Nov 05, 2009 00:00:00",1.22,1.2
1.22,180560.0,1.22,"Nov 11, 2009 00:00:00",1.22,1.22
1.26,46460.0,1.26,"Dec 15, 2009 00:00:00",1.3,1.24
1.26,198340.0,1.3,"Dec 16, 2009 00:00:00",1.3,1.26
1.28,2560.0,1.28,"Dec 17, 2009 00:00:00",1.28,1.28
1.28,6400.0,1.28,"Dec 18, 2009 00:00:00",1.28,1.28
1.38,31740.0,1.38,"Dec 21, 2009 00:00:00",1.38,1.38
1.36,5440.0,1.36,"Dec 22, 2009 00:00:00",1.36,1.36
1.3,1300.0,1.3,"Dec 23, 2009 00:00:00",1.3,1.3
1.32,1320.0,1.32,"Dec 29, 2009 00:00:00",1.32,1.32
1.3,78000.0,1.3,"Jan 05, 2010 00:00:00",1.3,1.3
1.3,19500.0,1.3,"Jan 06, 2010 00:00:00",1.3,1.3
1.34,198320.0,1.34,"Jan 08, 2010 00:00:00",1.34,1.34
1.34,73700.0,1.34,"Jan 12, 2010 00:00:00",1.34,1.34
1.34,296780.0,1.38,"Jan 13, 2010 00:00:00",1.38,1.34
1.38,193600.0,1.4,"Jan 14, 2010 00:00:00",1.4,1.38
1.4,402460.0,1.38,"Jan 15, 2010 00:00:00",1.4,1.38
1.4,176260.0,1.38,"Jan 18, 2010 00:00:00",1.4,1.38
1.38,1380.0,1.38,"Jan 19, 2010 00:00:00",1.38,1.38
1.36,2720.0,1.36,"Jan 21, 2010 00:00:00",1.36,1.36
1.38,525960.0,1.36,"Jan 22, 2010 00:00:00",1.38,1.36
1.36,13600.0,1.36,"Jan 25, 2010 00:00:00",1.36,1.36
1.4,2326800.0,1.4,"Jan 26, 2010 00:00:00",1.4,1.4
1.4,354200.0,1.4,"Jan 27, 2010 00:00:00",1.4,1.4
1.4,309400.0,1.4,"Jan 28, 2010 00:00:00",1.4,1.4
1.4,32200.0,1.4,"Jan 29, 2010 00:00:00",1.4,1.4
1.4,588000.0,1.4,"Feb 02, 2010 00:00:00",1.4,1.4
1.4,285600.0,1.4,"Feb 03, 2010 00:00:00",1.4,1.4
1.4,41160.0,1.42,"Feb 04, 2010 00:00:00",1.42,1.4
1.42,14200.0,1.42,"Feb 05, 2010 00:00:00",1.42,1.42
1.4,457800.0,1.4,"Feb 08, 2010 00:00:00",1.4,1.4
1.4,280000.0,1.4,"Feb 09, 2010 00:00:00",1.4,1.4
1.4,707000.0,1.4,"Mar 08, 2010 00:00:00",1.4,1.4
1.4,85000.0,1.42,"Mar 12, 2010 00:00:00",1.42,1.4
1.4,33600.0,1.4,"Mar 15, 2010 00:00:00",1.4,1.4
1.42,178920.0,1.42,"Mar 16, 2010 00:00:00",1.42,1.42
1.44,158400.0,1.44,"Mar 17, 2010 00:00:00",1.44,1.44
1.48,81400.0,1.48,"Mar 31, 2010 00:00:00",1.48,1.48
1.52,98800.0,1.52,"Apr 21, 2010 00:00:00",1.52,1.52
1.54,1540.0,1.54,"Apr 22, 2010 00:00:00",1.54,1.54
1.54,26380.0,1.5,"Apr 23, 2010 00:00:00",1.58,1.5
1.56,32760.0,1.56,"Apr 29, 2010 00:00:00",1.56,1.56
1.48,29600.0,1.48,"May 04, 2010 00:00:00",1.48,1.48
1.5,60000.0,1.5,"May 05, 2010 00:00:00",1.5,1.5
1.54,3080.0,1.54,"May 14, 2010 00:00:00",1.54,1.54
1.54,3080.0,1.54,"May 18, 2010 00:00:00",1.54,1.54
1.54,97020.0,1.54,"May 19, 2010 00:00:00",1.54,1.54
1.52,30400.0,1.52,"May 20, 2010 00:00:00",1.52,1.52
1.52,84600.0,1.54,"May 21, 2010 00:00:00",1.54,1.52
1.52,4560.0,1.52,"May 24, 2010 00:00:00",1.52,1.52
1.6,6400.0,1.6,"May 25, 2010 00:00:00",1.6,1.6
1.58,1549560.0,1.54,"May 26, 2010 00:00:00",1.58,1.54
1.58,36340.0,1.58,"May 27, 2010 00:00:00",1.58,1.58
1.58,3160.0,1.58,"May 31, 2010 00:00:00",1.58,1.58
1.58,1426120.0,1.54,"Jun 01, 2010 00:00:00",1.58,1.54
1.54,1666740.0,1.58,"Jun 02, 2010 00:00:00",1.58,1.54
1.58,3155260.0,1.58,"Jun 03, 2010 00:00:00",1.58,1.58
1.6,41600.0,1.6,"Jun 07, 2010 00:00:00",1.6,1.6
1.6,1600.0,1.6,"Jun 08, 2010 00:00:00",1.6,1.6
1.58,30280.0,1.6,"Jun 10, 2010 00:00:00",1.6,1.58
1.6,12800.0,1.6,"Jun 15, 2010 00:00:00",1.6,1.6
1.6,42940.0,1.58,"Jun 16, 2010 00:00:00",1.6,1.58
1.58,737460.0,1.56,"Jun 24, 2010 00:00:00",1.6,1.56
1.56,40560.0,1.56,"Jun 28, 2010 00:00:00",1.56,1.56
1.6,6400.0,1.6,"Jun 29, 2010 00:00:00",1.6,1.6
1.56,276120.0,1.56,"Jul 01, 2010 00:00:00",1.56,1.56
1.54,563140.0,1.56,"Jul 02, 2010 00:00:00",1.56,1.54
1.56,80220.0,1.58,"Jul 06, 2010 00:00:00",1.58,1.56
1.58,15800.0,1.58,"Jul 08, 2010 00:00:00",1.58,1.58
1.56,221520.0,1.56,"Jul 09, 2010 00:00:00",1.56,1.56
1.54,15400.0,1.54,"Jul 13, 2010 00:00:00",1.54,1.54
1.54,3080.0,1.54,"Jul 15, 2010 00:00:00",1.54,1.54
1.56,375200.0,1.56,"Jul 16, 2010 00:00:00",1.56,1.54
1.54,3080.0,1.54,"Jul 19, 2010 00:00:00",1.54,1.54
1.58,234120.0,1.54,"Jul 20, 2010 00:00:00",1.58,1.54
1.54,56980.0,1.54,"Jul 21, 2010 00:00:00",1.54,1.54
1.54,1540.0,1.54,"Sep 20, 2010 00:00:00",1.54,1.54
1.56,14040.0,1.56,"Sep 23, 2010 00:00:00",1.56,1.56
1.62,159660.0,1.64,"Sep 28, 2010 00:00:00",1.64,1.62
1.66,4980.0,1.66,"Sep 29, 2010 00:00:00",1.66,1.66
1.66,87550.0,1.69,"Sep 30, 2010 00:00:00",1.69,1.66
1.69,1690.0,1.69,"Oct 01, 2010 00:00:00",1.69,1.69
1.68,16800.0,1.68,"Oct 04, 2010 00:00:00",1.68,1.68
1.68,5040.0,1.68,"Oct 05, 2010 00:00:00",1.68,1.68
1.64,97630.0,1.67,"Oct 06, 2010 00:00:00",1.67,1.64
1.67,70140.0,1.67,"Oct 07, 2010 00:00:00",1.67,1.67
1.69,5070.0,1.69,"Oct 08, 2010 00:00:00",1.69,1.69
1.6,96000.0,1.6,"Oct 12, 2010 00:00:00",1.6,1.6
1.58,7900.0,1.58,"Oct 14, 2010 00:00:00",1.58,1.58
1.58,214560.0,1.56,"Oct 15, 2010 00:00:00",1.58,1.56
1.56,235560.0,1.56,"Oct 18, 2010 00:00:00",1.56,1.56
1.56,15600.0,1.56,"Oct 19, 2010 00:00:00",1.56,1.56
1.56,31200.0,1.56,"Oct 22, 2010 00:00:00",1.56,1.56
1.56,662780.0,1.52,"Oct 27, 2010 00:00:00",1.56,1.52
1.52,733700.0,1.52,"Oct 28, 2010 00:00:00",1.52,1.48
1.5,25260.0,1.48,"Oct 29, 2010 00:00:00",1.5,1.48
1.48,733720.0,1.54,"Nov 04, 2010 00:00:00",1.54,1.48
1.6,753520.0,1.56,"Nov 09, 2010 00:00:00",1.6,1.56
1.56,3120000.0,1.56,"Nov 10, 2010 00:00:00",1.56,1.56
1.48,20720.0,1.48,"Nov 11, 2010 00:00:00",1.48,1.48
1.5,102760.0,1.46,"Nov 17, 2010 00:00:00",1.5,1.46
1.6,154800.0,1.5,"Nov 22, 2010 00:00:00",1.6,1.5
1.46,77520.0,1.54,"Nov 23, 2010 00:00:00",1.54,1.44
1.6,8000.0,1.6,"Nov 30, 2010 00:00:00",1.6,1.6
1.5,52500.0,1.5,"Dec 03, 2010 00:00:00",1.5,1.5
1.5,229500.0,1.5,"Dec 06, 2010 00:00:00",1.5,1.5
1.54,1416800.0,1.54,"Dec 07, 2010 00:00:00",1.54,1.54
1.54,908400.0,1.55,"Dec 08, 2010 00:00:00",1.64,1.54
1.62,69800.0,1.7,"Dec 16, 2010 00:00:00",1.7,1.62
1.6,1600.0,1.6,"Dec 22, 2010 00:00:00",1.6,1.6
1.54,1540.0,1.54,"Dec 23, 2010 00:00:00",1.54,1.54
1.54,21560.0,1.54,"Dec 29, 2010 00:00:00",1.54,1.54
1.54,21560.0,1.54,"Dec 29, 2010 00:00:00",1.54,1.54
1.54,6430.0,1.63,"Jan 06, 2011 00:00:00",1.63,1.54
1.64,24600.0,1.64,"Jan 10, 2011 00:00:00",1.64,1.64
1.64,36080.0,1.64,"Jan 11, 2011 00:00:00",1.64,1.64
1.64,36080.0,1.64,"Jan 11, 2011 00:00:00",1.64,1.64
1.64,44280.0,1.64,"Jan 12, 2011 00:00:00",1.64,1.64
1.64,1640.0,1.64,"Jan 14, 2011 00:00:00",1.64,1.64
1.6,6400.0,1.6,"Jan 18, 2011 00:00:00",1.6,1.6
1.67,1670.0,1.67,"Jan 26, 2011 00:00:00",1.67,1.67
1.67,3340.0,1.67,"Jan 28, 2011 00:00:00",1.67,1.67
1.67,3340.0,1.67,"Jan 28, 2011 00:00:00",1.67,1.67
1.68,16800.0,1.68,"Feb 16, 2011 00:00:00",1.68,1.68
1.68,16800.0,1.68,"Feb 16, 2011 00:00:00",1.68,1.68
1.69,204490.0,1.69,"Feb 17, 2011 00:00:00",1.69,1.69
1.6,1600.0,1.6,"Feb 25, 2011 00:00:00",1.6,1.6
1.75,1750.0,1.75,"Feb 28, 2011 00:00:00",1.75,1.75
1.65,8250.0,1.65,"Mar 04, 2011 00:00:00",1.65,1.65
1.65,8250.0,1.65,"Mar 04, 2011 00:00:00",1.65,1.65
1.65,80350.0,1.6,"Mar 08, 2011 00:00:00",1.65,1.6
1.65,80350.0,1.6,"Mar 08, 2011 00:00:00",1.65,1.6
1.9,1900.0,1.9,"Mar 11, 2011 00:00:00",1.9,1.9
1.9,1900.0,1.9,"Mar 11, 2011 00:00:00",1.9,1.9
1.6,17600.0,1.6,"Mar 21, 2011 00:00:00",1.6,1.6
1.85,3700.0,1.85,"Mar 22, 2011 00:00:00",1.85,1.85
1.9,1900.0,1.9,"Mar 30, 2011 00:00:00",1.9,1.9
1.6,4800.0,1.6,"Apr 01, 2011 00:00:00",1.6,1.6
1.62,113400.0,1.62,"Apr 04, 2011 00:00:00",1.62,1.62
1.61,320100.0,1.6,"Apr 05, 2011 00:00:00",1.61,1.6
1.6,80000.0,1.6,"Apr 06, 2011 00:00:00",1.6,1.6
1.85,1850.0,1.85,"Apr 07, 2011 00:00:00",1.85,1.85
1.65,20900.0,1.75,"Apr 27, 2011 00:00:00",1.75,1.65
1.75,21000.0,1.75,"Apr 28, 2011 00:00:00",1.75,1.75
1.68,13440.0,1.68,"May 03, 2011 00:00:00",1.68,1.68
1.64,11480.0,1.64,"May 05, 2011 00:00:00",1.64,1.64
1.79,1790.0,1.79,"May 10, 2011 00:00:00",1.79,1.79
1.75,95280.0,1.78,"May 11, 2011 00:00:00",1.78,1.75
1.76,3520.0,1.76,"May 13, 2011 00:00:00",1.76,1.76
1.74,3480.0,1.74,"May 16, 2011 00:00:00",1.74,1.74
1.65,16500.0,1.65,"May 19, 2011 00:00:00",1.65,1.65
1.65,72310.0,1.74,"May 20, 2011 00:00:00",1.74,1.65
1.65,28050.0,1.65,"May 23, 2011 00:00:00",1.65,1.65
1.68,38240.0,1.66,"May 24, 2011 00:00:00",1.68,1.66
1.64,18030.0,1.64,"May 25, 2011 00:00:00",1.64,1.63
1.65,39510.0,1.65,"May 26, 2011 00:00:00",1.65,1.64
1.63,119670.0,1.61,"May 27, 2011 00:00:00",1.63,1.61
1.65,33000.0,1.65,"Jun 01, 2011 00:00:00",1.65,1.65
1.61,120060.0,1.6,"Jun 06, 2011 00:00:00",1.61,1.6
1.61,9660.0,1.61,"Jun 15, 2011 00:00:00",1.61,1.61
1.65,39780.0,1.68,"Jun 24, 2011 00:00:00",1.68,1.65
1.6,560000.0,1.6,"Jun 27, 2011 00:00:00",1.6,1.6
1.6,8000.0,1.6,"Jul 01, 2011 00:00:00",1.6,1.6
1.65,123750.0,1.65,"Jul 04, 2011 00:00:00",1.65,1.65
1.62,17820.0,1.62,"Jul 05, 2011 00:00:00",1.62,1.62
1.63,52160.0,1.63,"Jul 07, 2011 00:00:00",1.63,1.63
1.66,85660.0,1.68,"Jul 08, 2011 00:00:00",1.68,1.66
1.8,5400.0,1.8,"Jul 12, 2011 00:00:00",1.8,1.8
1.75,33250.0,1.75,"Jul 14, 2011 00:00:00",1.75,1.75
1.75,206500.0,1.75,"Jul 19, 2011 00:00:00",1.75,1.75
1.82,12740.0,1.82,"Jul 21, 2011 00:00:00",1.82,1.82
1.65,67620.0,1.64,"Aug 03, 2011 00:00:00",1.65,1.64
1.64,79440.0,1.66,"Aug 04, 2011 00:00:00",1.66,1.64
1.65,109810.0,1.64,"Aug 08, 2011 00:00:00",1.65,1.63
1.63,180930.0,1.63,"Aug 09, 2011 00:00:00",1.63,1.63
1.62,4860.0,1.62,"Aug 11, 2011 00:00:00",1.62,1.62
1.65,8250.0,1.65,"Aug 17, 2011 00:00:00",1.65,1.65
1.7,8500.0,1.7,"Aug 22, 2011 00:00:00",1.7,1.7
1.7,83520.0,1.75,"Aug 25, 2011 00:00:00",1.75,1.7
1.75,14000.0,1.75,"Aug 26, 2011 00:00:00",1.75,1.75
1.67,11690.0,1.67,"Sep 02, 2011 00:00:00",1.67,1.67
1.68,13440.0,1.68,"Sep 05, 2011 00:00:00",1.68,1.68
1.74,323450.0,1.8,"Sep 09, 2011 00:00:00",1.82,1.74
1.7,47600.0,1.7,"Sep 13, 2011 00:00:00",1.7,1.7
1.66,35290.0,1.7,"Sep 14, 2011 00:00:00",1.7,1.66
1.7,18700.0,1.7,"Sep 15, 2011 00:00:00",1.7,1.7
1.7,18700.0,1.7,"Sep 16, 2011 00:00:00",1.7,1.7
1.85,51600.0,1.7,"Sep 19, 2011 00:00:00",1.85,1.7
1.65,3388400.0,1.63,"Sep 20, 2011 00:00:00",1.68,1.63
1.63,1286070.0,1.63,"Sep 21, 2011 00:00:00",1.63,1.63
1.65,18150.0,1.65,"Sep 22, 2011 00:00:00",1.65,1.65
1.62,144180.0,1.62,"Sep 26, 2011 00:00:00",1.62,1.62
1.61,2002170.0,1.42,"Sep 28, 2011 00:00:00",1.61,1.42
1.48,14800.0,1.48,"Oct 03, 2011 00:00:00",1.48,1.48
1.5,10500.0,1.5,"Oct 04, 2011 00:00:00",1.5,1.5
1.74,26100.0,1.74,"Oct 06, 2011 00:00:00",1.74,1.74
1.54,15400.0,1.54,"Oct 13, 2011 00:00:00",1.54,1.54
1.6,224000.0,1.6,"Oct 14, 2011 00:00:00",1.6,1.6
1.6,128000.0,1.6,"Oct 17, 2011 00:00:00",1.6,1.6
1.52,10640.0,1.52,"Oct 18, 2011 00:00:00",1.52,1.52
1.6,80000.0,1.6,"Oct 19, 2011 00:00:00",1.6,1.6
1.78,19580.0,1.78,"Oct 25, 2011 00:00:00",1.78,1.78
1.78,63380.0,1.76,"Oct 26, 2011 00:00:00",1.78,1.76
1.72,6880.0,1.72,"Nov 17, 2011 00:00:00",1.72,1.72
1.73,13830.0,1.72,"Nov 18, 2011 00:00:00",1.73,1.72
1.68,168000.0,1.68,"Nov 23, 2011 00:00:00",1.68,1.68
1.52,55970.0,1.51,"Nov 25, 2011 00:00:00",1.52,1.51
1.51,3020.0,1.51,"Nov 28, 2011 00:00:00",1.51,1.51
1.54,10780.0,1.54,"Nov 29, 2011 00:00:00",1.54,1.54
1.52,202000.0,1.6,"Dec 01, 2011 00:00:00",1.6,1.52
1.73,258590.0,1.73,"Dec 08, 2011 00:00:00",1.73,1.7
1.75,57800.0,1.76,"Dec 09, 2011 00:00:00",1.76,1.75
1.74,17610.0,1.77,"Dec 12, 2011 00:00:00",1.77,1.74
1.77,21190.0,1.76,"Dec 13, 2011 00:00:00",1.77,1.76
1.77,44100.0,1.77,"Dec 14, 2011 00:00:00",1.77,1.75
1.78,80100.0,1.78,"Dec 15, 2011 00:00:00",1.78,1.78
1.78,37130.0,1.73,"Dec 16, 2011 00:00:00",1.78,1.73
1.77,30090.0,1.77,"Dec 19, 2011 00:00:00",1.77,1.77
1.78,262020.0,1.72,"Dec 20, 2011 00:00:00",1.78,1.72
1.71,16800.0,1.65,"Dec 21, 2011 00:00:00",1.71,1.65
1.62,14580.0,1.62,"Dec 22, 2011 00:00:00",1.62,1.62
1.54,40140.0,1.55,"Dec 23, 2011 00:00:00",1.55,1.54
1.6,8000.0,1.6,"Dec 26, 2011 00:00:00",1.6,1.6
1.59,112000.0,1.56,"Dec 27, 2011 00:00:00",1.6,1.54
1.6,38500.0,1.61,"Dec 28, 2011 00:00:00",1.61,1.6
1.65,75150.0,1.61,"Dec 29, 2011 00:00:00",1.65,1.6
1.57,277220.0,1.56,"Jan 02, 2012 00:00:00",1.58,1.54
1.56,23670.0,1.59,"Jan 03, 2012 00:00:00",1.6,1.56
1.6,36560.0,1.6,"Jan 04, 2012 00:00:00",1.6,1.56
1.6,85350.0,1.63,"Jan 05, 2012 00:00:00",1.63,1.6
1.62,303910.0,1.61,"Jan 06, 2012 00:00:00",1.66,1.61
1.61,102890.0,1.62,"Jan 09, 2012 00:00:00",1.66,1.61
1.67,54990.0,1.64,"Jan 10, 2012 00:00:00",1.68,1.64
1.6,336720.0,1.64,"Jan 11, 2012 00:00:00",1.67,1.6
1.66,148950.0,1.64,"Jan 12, 2012 00:00:00",1.67,1.64
1.66,231740.0,1.68,"Jan 13, 2012 00:00:00",1.68,1.64
1.64,154450.0,1.61,"Jan 16, 2012 00:00:00",1.64,1.6
1.67,52340.0,1.62,"Jan 17, 2012 00:00:00",1.67,1.62
1.6,82870.0,1.61,"Jan 18, 2012 00:00:00",1.68,1.6
1.64,428210.0,1.61,"Jan 19, 2012 00:00:00",1.64,1.6
1.62,624390.0,1.63,"Jan 20, 2012 00:00:00",1.63,1.6
1.6,351800.0,1.63,"Jan 24, 2012 00:00:00",1.63,1.6
1.61,80500.0,1.61,"Jan 26, 2012 00:00:00",1.61,1.61
1.65,16500.0,1.65,"Jan 27, 2012 00:00:00",1.65,1.65
1.62,1620.0,1.62,"Jan 31, 2012 00:00:00",1.62,1.62
1.62,11340.0,1.62,"Feb 01, 2012 00:00:00",1.62,1.62
1.62,45360.0,1.62,"Feb 02, 2012 00:00:00",1.62,1.62
1.7,30680.0,1.71,"Feb 03, 2012 00:00:00",1.71,1.7
1.62,23670.0,1.71,"Feb 06, 2012 00:00:00",1.71,1.62
1.71,171520.0,1.72,"Feb 07, 2012 00:00:00",1.72,1.71
1.73,5190.0,1.73,"Feb 08, 2012 00:00:00",1.73,1.73
1.61,33810.0,1.61,"Feb 09, 2012 00:00:00",1.61,1.61
1.71,6840.0,1.71,"Feb 13, 2012 00:00:00",1.71,1.71
1.71,15330.0,1.65,"Feb 14, 2012 00:00:00",1.71,1.65
1.6,52800.0,1.6,"Feb 15, 2012 00:00:00",1.6,1.6
1.62,27420.0,1.61,"Feb 17, 2012 00:00:00",1.62,1.61
1.73,3460.0,1.73,"Feb 21, 2012 00:00:00",1.73,1.73
1.72,125000.0,1.66,"Feb 22, 2012 00:00:00",1.72,1.65
1.65,5030.0,1.69,"Feb 23, 2012 00:00:00",1.69,1.65
1.69,38870.0,1.69,"Feb 24, 2012 00:00:00",1.69,1.69
1.65,21490.0,1.69,"Feb 28, 2012 00:00:00",1.69,1.65
1.62,3240.0,1.62,"Mar 02, 2012 00:00:00",1.62,1.62
1.68,100500.0,1.62,"Mar 05, 2012 00:00:00",1.68,1.62
1.67,179110.0,1.62,"Mar 06, 2012 00:00:00",1.68,1.62
1.67,120910.0,1.68,"Mar 07, 2012 00:00:00",1.68,1.67
1.65,570940.0,1.66,"Mar 08, 2012 00:00:00",1.66,1.65
1.65,24750.0,1.65,"Mar 09, 2012 00:00:00",1.65,1.65
1.68,102480.0,1.68,"Mar 12, 2012 00:00:00",1.68,1.68
1.68,735840.0,1.68,"Mar 13, 2012 00:00:00",1.68,1.68
1.61,60930.0,1.64,"Mar 15, 2012 00:00:00",1.64,1.6
1.68,62160.0,1.68,"Mar 16, 2012 00:00:00",1.68,1.68
1.68,50400.0,1.68,"Mar 19, 2012 00:00:00",1.68,1.68
1.63,92910.0,1.63,"Mar 20, 2012 00:00:00",1.63,1.63
1.68,79430.0,1.63,"Mar 21, 2012 00:00:00",1.68,1.63
1.63,58680.0,1.63,"Mar 22, 2012 00:00:00",1.63,1.63
1.63,1043520.0,1.64,"Mar 23, 2012 00:00:00",1.74,1.63
1.64,677140.0,1.61,"Mar 26, 2012 00:00:00",1.64,1.6
1.62,1620.0,1.62,"Mar 27, 2012 00:00:00",1.62,1.62
1.62,4860.0,1.62,"Mar 28, 2012 00:00:00",1.62,1.62
1.64,79160.0,1.65,"Mar 30, 2012 00:00:00",1.65,1.64
1.65,130350.0,1.65,"Apr 02, 2012 00:00:00",1.65,1.65
1.65,63589.99999999999,1.63,"Apr 03, 2012 00:00:00",1.65,1.63
1.67,148070.0,1.67,"Apr 04, 2012 00:00:00",1.67,1.66
1.68,4801000.0,1.72,"Apr 10, 2012 00:00:00",1.74,1.67
1.74,6959150.0,1.73,"Apr 11, 2012 00:00:00",1.95,1.73
1.62,593570.0,1.68,"Apr 12, 2012 00:00:00",1.76,1.62
1.74,498840.0,1.65,"Apr 13, 2012 00:00:00",1.74,1.64
1.63,324260.0,1.64,"Apr 16, 2012 00:00:00",1.65,1.63
1.63,184230.0,1.68,"Apr 17, 2012 00:00:00",1.75,1.63
1.71,1641130.0,1.77,"Apr 18, 2012 00:00:00",1.79,1.71
1.78,189480.0,1.75,"Apr 19, 2012 00:00:00",1.78,1.75
1.75,22830.0,1.75,"Apr 20, 2012 00:00:00",1.79,1.75
1.75,303600.0,1.75,"Apr 23, 2012 00:00:00",1.77,1.75
1.75,551250.0,1.75,"Apr 24, 2012 00:00:00",1.75,1.75
1.8,330600.0,1.84,"Apr 25, 2012 00:00:00",1.85,1.8
1.82,254800.0,1.82,"Apr 26, 2012 00:00:00",1.82,1.82
1.78,236310.0,1.75,"Apr 27, 2012 00:00:00",1.78,1.75
1.78,138250.0,1.77,"May 02, 2012 00:00:00",1.78,1.77
1.76,309400.0,1.8,"May 04, 2012 00:00:00",1.8,1.76
1.87,16030.0,1.84,"May 07, 2012 00:00:00",1.87,1.76
1.77,161410.0,1.76,"May 08, 2012 00:00:00",1.78,1.76
1.76,185280.0,1.8,"May 09, 2012 00:00:00",1.8,1.76
1.75,214530.0,1.78,"May 10, 2012 00:00:00",1.8,1.75
1.81,124830.0,1.81,"May 11, 2012 00:00:00",1.81,1.76
1.81,14330.0,1.76,"May 14, 2012 00:00:00",1.81,1.76
1.8,50200.0,1.8,"May 15, 2012 00:00:00",1.8,1.79
1.76,230650.0,1.81,"May 17, 2012 00:00:00",1.82,1.75
1.82,21830.0,1.82,"May 18, 2012 00:00:00",1.82,1.81
1.81,27200.0,1.82,"May 21, 2012 00:00:00",1.82,1.81
1.76,21170.0,1.81,"May 23, 2012 00:00:00",1.81,1.76
1.77,78100.0,1.82,"May 24, 2012 00:00:00",1.83,1.77
1.77,246560.0,1.75,"May 28, 2012 00:00:00",1.82,1.75
1.78,196620.0,1.72,"May 29, 2012 00:00:00",1.78,1.72
1.76,131300.0,1.75,"May 31, 2012 00:00:00",1.76,1.75
1.79,16110.0,1.79,"Jun 01, 2012 00:00:00",1.79,1.79
1.74,32780.0,1.72,"Jun 04, 2012 00:00:00",1.74,1.72
1.72,8600.0,1.72,"Jun 05, 2012 00:00:00",1.72,1.72
1.74,1740.0,1.74,"Jun 07, 2012 00:00:00",1.74,1.74
1.72,1720.0,1.72,"Jun 08, 2012 00:00:00",1.72,1.72
1.74,71000.0,1.79,"Jun 14, 2012 00:00:00",1.79,1.71
1.78,51620.0,1.78,"Jun 15, 2012 00:00:00",1.78,1.78
1.77,10620.0,1.77,"Jun 20, 2012 00:00:00",1.77,1.77
1.72,87280.0,1.7,"Jun 21, 2012 00:00:00",1.72,1.7
1.78,8900.0,1.78,"Jun 22, 2012 00:00:00",1.78,1.78
1.72,20640.0,1.72,"Jun 25, 2012 00:00:00",1.72,1.72
1.75,26250.0,1.75,"Jun 27, 2012 00:00:00",1.75,1.75
1.78,12460.0,1.78,"Jun 29, 2012 00:00:00",1.78,1.78
1.78,112140.0,1.78,"Jul 02, 2012 00:00:00",1.78,1.78
1.81,72350.0,1.82,"Jul 03, 2012 00:00:00",1.82,1.79
1.8,302040.0,1.85,"Jul 04, 2012 00:00:00",1.85,1.78
1.85,1850.0,1.85,"Jul 05, 2012 00:00:00",1.85,1.85
1.85,88800.0,1.85,"Jul 09, 2012 00:00:00",1.85,1.85
1.85,70300.0,1.85,"Jul 10, 2012 00:00:00",1.85,1.85
1.86,95420.0,1.88,"Jul 11, 2012 00:00:00",1.88,1.86
1.88,228820.0,1.85,"Jul 13, 2012 00:00:00",1.88,1.85
1.8,138760.0,1.88,"Jul 23, 2012 00:00:00",1.88,1.8
1.8,7200.0,1.8,"Jul 25, 2012 00:00:00",1.8,1.8
1.8,185760.0,1.86,"Jul 26, 2012 00:00:00",1.86,1.8
1.86,7460.0,1.87,"Jul 27, 2012 00:00:00",1.87,1.86
1.87,655070.0,1.9,"Jul 30, 2012 00:00:00",2.2,1.87
2.05,855630.0,2.0,"Jul 31, 2012 00:00:00",2.05,2.0
1.85,244020.0,2.08,"Aug 01, 2012 00:00:00",2.08,1.85
1.88,556630.0,2.02,"Aug 02, 2012 00:00:00",2.12,1.88
1.89,71280.0,1.99,"Aug 03, 2012 00:00:00",2.06,1.89
2.12,594780.0,2.05,"Aug 06, 2012 00:00:00",2.12,2.05
2.01,188470.0,2.1,"Aug 08, 2012 00:00:00",2.1,2.01
2.05,614999.9999999999,2.05,"Aug 09, 2012 00:00:00",2.05,2.05
2.0,124840.0,2.02,"Aug 13, 2012 00:00:00",2.02,2.0
2.0,69160.0,2.05,"Aug 14, 2012 00:00:00",2.05,2.0
1.86,156850.0,1.9,"Aug 16, 2012 00:00:00",1.9,1.85
1.9,476950.0,1.92,"Aug 17, 2012 00:00:00",1.95,1.9
2.05,199870.0,1.95,"Aug 22, 2012 00:00:00",2.05,1.92
1.92,132480.0,1.92,"Aug 24, 2012 00:00:00",1.92,1.92
1.92,402270.0,1.93,"Aug 28, 2012 00:00:00",1.93,1.92
1.93,138960.0,1.93,"Aug 30, 2012 00:00:00",1.93,1.93
1.93,115800.0,1.93,"Aug 31, 2012 00:00:00",1.93,1.93
1.93,23160.0,1.93,"Sep 04, 2012 00:00:00",1.93,1.93
1.94,1037940.0,1.97,"Sep 05, 2012 00:00:00",1.97,1.94
1.94,115560.0,1.96,"Sep 07, 2012 00:00:00",1.96,1.94
1.96,254800.0,1.96,"Sep 10, 2012 00:00:00",1.96,1.96
1.93,78100.0,1.96,"Sep 11, 2012 00:00:00",1.96,1.93
1.96,188160.0,1.96,"Sep 12, 2012 00:00:00",1.96,1.96
1.98,29600.0,1.97,"Sep 13, 2012 00:00:00",1.98,1.97
1.97,167450.0,1.97,"Sep 14, 2012 00:00:00",1.97,1.97
1.93,19300.0,1.93,"Sep 17, 2012 00:00:00",1.93,1.93
1.95,19500.0,1.95,"Sep 18, 2012 00:00:00",1.95,1.95
1.95,91650.0,1.95,"Sep 20, 2012 00:00:00",1.95,1.95
1.98,585330.0,1.99,"Sep 21, 2012 00:00:00",2.0,1.98
2.0,10000.0,2.0,"Sep 24, 2012 00:00:00",2.0,2.0
2.0,651920.0,2.03,"Sep 28, 2012 00:00:00",2.03,1.99
2.05,22550.0,2.05,"Oct 01, 2012 00:00:00",2.05,2.05
2.04,2040.0,2.04,"Oct 03, 2012 00:00:00",2.04,2.04
2.04,173840.0,1.97,"Oct 04, 2012 00:00:00",2.04,1.95
1.96,23500.0,1.95,"Oct 08, 2012 00:00:00",1.96,1.95
2.0,200000.0,2.0,"Oct 10, 2012 00:00:00",2.0,2.0
2.0,66000.0,2.0,"Oct 11, 2012 00:00:00",2.0,2.0
2.0,64000.0,2.0,"Oct 12, 2012 00:00:00",2.0,2.0
2.0,131960.0,2.0,"Oct 15, 2012 00:00:00",2.0,1.96
2.0,18000.0,2.0,"Oct 16, 2012 00:00:00",2.0,2.0
2.0,70000.0,2.0,"Oct 17, 2012 00:00:00",2.0,2.0
2.0,62000.0,2.0,"Oct 23, 2012 00:00:00",2.0,2.0
1.96,174320.0,1.95,"Oct 24, 2012 00:00:00",1.96,1.91
1.96,9800.0,1.96,"Oct 29, 2012 00:00:00",1.96,1.96
2.05,14050.0,1.95,"Oct 30, 2012 00:00:00",2.05,1.95
1.96,23430.0,1.95,"Nov 05, 2012 00:00:00",1.96,1.95
1.95,9750.0,1.95,"Nov 08, 2012 00:00:00",1.95,1.95
1.96,66450.0,1.95,"Nov 09, 2012 00:00:00",1.96,1.95
1.95,67720.0,1.92,"Nov 14, 2012 00:00:00",1.95,1.92
1.92,176640.0,1.92,"Nov 15, 2012 00:00:00",1.92,1.92
2.0,42000.0,2.0,"Nov 16, 2012 00:00:00",2.0,2.0
2.04,14280.0,2.04,"Nov 20, 2012 00:00:00",2.04,2.04
2.02,8080.0,2.02,"Nov 21, 2012 00:00:00",2.02,2.02
2.02,24140.0,1.97,"Nov 23, 2012 00:00:00",2.02,1.97
1.98,21780.0,1.98,"Nov 26, 2012 00:00:00",1.98,1.98
2.04,10200.0,2.04,"Nov 27, 2012 00:00:00",2.04,2.04
2.02,18040.0,2.0,"Nov 29, 2012 00:00:00",2.02,2.0
2.02,120160.0,2.0,"Dec 04, 2012 00:00:00",2.02,2.0
2.0,380000.0,2.0,"Dec 05, 2012 00:00:00",2.0,2.0
1.93,123520.0,1.93,"Dec 07, 2012 00:00:00",1.93,1.93
1.95,1950.0,1.95,"Dec 11, 2012 00:00:00",1.95,1.95
2.0,90000.0,2.0,"Dec 12, 2012 00:00:00",2.0,2.0
2.04,10200.0,2.04,"Dec 13, 2012 00:00:00",2.04,2.04
1.99,73630.0,1.99,"Dec 26, 2012 00:00:00",1.99,1.99
2.03,3079579.9999999995,2.03,"Dec 27, 2012 00:00:00",2.05,2.02
2.0,570000.0,2.0,"Dec 28, 2012 00:00:00",2.0,2.0
1.99,36420.0,2.05,"Jan 02, 2013 00:00:00",2.05,1.99
2.04,48240.0,2.05,"Jan 03, 2013 00:00:00",2.05,1.93
1.93,105180.0,2.05,"Jan 04, 2013 00:00:00",2.05,1.93
1.93,468620.0,2.04,"Jan 07, 2013 00:00:00",2.05,1.93
2.05,14349.999999999998,2.05,"Jan 08, 2013 00:00:00",2.05,2.05
1.96,113920.0,1.99,"Jan 09, 2013 00:00:00",1.99,1.96
1.99,5970.0,1.99,"Jan 11, 2013 00:00:00",1.99,1.99
1.99,79600.0,1.99,"Jan 18, 2013 00:00:00",1.99,1.99
1.99,218530.0,1.95,"Jan 21, 2013 00:00:00",2.04,1.95
1.95,35100.0,1.95,"Jan 25, 2013 00:00:00",1.95,1.95
2.04,51000.0,2.04,"Jan 28, 2013 00:00:00",2.04,2.04
2.01,155520.0,2.02,"Jan 29, 2013 00:00:00",2.02,2.01
2.0,54480.0,2.02,"Jan 30, 2013 00:00:00",2.02,2.0
2.0,64000.0,2.0,"Jan 31, 2013 00:00:00",2.0,2.0
2.0,578000.0,2.0,"Feb 04, 2013 00:00:00",2.0,2.0
2.0,402000.0,2.0,"Feb 05, 2013 00:00:00",2.0,2.0
1.96,5880.0,1.96,"Feb 06, 2013 00:00:00",1.96,1.96
1.98,1001980.0,2.0,"Feb 08, 2013 00:00:00",2.0,1.98
2.0,1156000.0,2.0,"Feb 12, 2013 00:00:00",2.0,2.0
2.0,1655650.0,2.02,"Feb 13, 2013 00:00:00",2.05,2.0
2.02,16160.0,2.02,"Feb 14, 2013 00:00:00",2.02,2.02
2.05,422759.99999999994,2.06,"Feb 15, 2013 00:00:00",2.06,2.05
2.0,3239200.0,2.0,"Feb 19, 2013 00:00:00",2.01,2.0
2.05,26680.0,2.02,"Feb 20, 2013 00:00:00",2.06,2.02
1.97,53060.0,1.98,"Feb 21, 2013 00:00:00",1.98,1.95
1.95,11760.0,1.98,"Feb 22, 2013 00:00:00",1.98,1.95
1.96,9800.0,1.96,"Feb 25, 2013 00:00:00",1.96,1.96
2.03,26389.999999999996,2.03,"Feb 28, 2013 00:00:00",2.03,2.03
2.0,645580.0,2.03,"Mar 01, 2013 00:00:00",2.03,2.0
2.0,202000.0,2.0,"Mar 04, 2013 00:00:00",2.0,2.0
2.02,4040.0,2.02,"Mar 05, 2013 00:00:00",2.02,2.02
2.03,558169.9999999999,2.03,"Mar 06, 2013 00:00:00",2.03,2.02
2.02,191000.0,2.0,"Mar 07, 2013 00:00:00",2.02,2.0
2.02,599800.0,2.02,"Mar 08, 2013 00:00:00",2.03,2.0
2.02,26200.0,2.02,"Mar 11, 2013 00:00:00",2.02,2.0
2.03,14209.999999999998,2.03,"Mar 12, 2013 00:00:00",2.03,2.03
2.03,101499.99999999999,2.03,"Mar 19, 2013 00:00:00",2.03,2.03
2.01,561000.0,2.0,"Mar 20, 2013 00:00:00",2.01,2.0
2.02,4040.0,2.02,"Mar 22, 2013 00:00:00",2.02,2.02
2.01,196979.99999999997,2.01,"Mar 25, 2013 00:00:00",2.01,2.01
2.0,551730.0,2.01,"Mar 26, 2013 00:00:00",2.01,2.0
2.01,200999.99999999997,2.01,"Apr 02, 2013 00:00:00",2.01,2.01
2.02,802000.0,2.0,"Apr 03, 2013 00:00:00",2.02,2.0
2.0,844250.0,2.01,"Apr 04, 2013 00:00:00",2.01,2.0
2.0,160000.0,2.0,"Apr 05, 2013 00:00:00",2.0,2.0
2.0,380000.0,2.0,"Apr 08, 2013 00:00:00",2.0,2.0
2.04,30600.0,2.04,"Apr 10, 2013 00:00:00",2.04,2.04
2.04,208080.0,2.04,"Apr 11, 2013 00:00:00",2.04,2.04
2.04,26520.0,2.04,"Apr 12, 2013 00:00:00",2.04,2.04
2.01,86429.99999999999,2.01,"Apr 15, 2013 00:00:00",2.01,2.01
2.0,36000.0,2.0,"Apr 16, 2013 00:00:00",2.0,2.0
2.06,3013150.0,2.25,"Apr 17, 2013 00:00:00",2.26,2.06
2.15,599800.0,2.25,"Apr 18, 2013 00:00:00",2.27,2.15
2.23,722790.0,2.25,"Apr 19, 2013 00:00:00",2.25,2.22
2.25,6440970.0,2.3,"Apr 22, 2013 00:00:00",2.34,2.25
2.31,1402870.0,2.31,"Apr 23, 2013 00:00:00",2.31,2.28
2.33,238280.0,2.34,"Apr 24, 2013 00:00:00",2.34,2.33
2.34,737410.0,2.33,"Apr 25, 2013 00:00:00",2.38,2.33
2.32,201460.0,2.37,"Apr 26, 2013 00:00:00",2.38,2.32
2.37,34470.0,2.34,"Apr 29, 2013 00:00:00",2.37,2.27
2.28,120190.0,2.34,"Apr 30, 2013 00:00:00",2.34,2.25
2.34,281120.0,2.35,"May 02, 2013 00:00:00",2.35,2.32
2.34,1200630.0,2.39,"May 03, 2013 00:00:00",2.39,2.34
2.4,807780.0,2.4,"May 06, 2013 00:00:00",2.42,2.38
2.4,715040.0,2.4,"May 07, 2013 00:00:00",2.42,2.36
2.4,345600.0,2.4,"May 08, 2013 00:00:00",2.4,2.4
2.4,206400.0,2.4,"May 09, 2013 00:00:00",2.4,2.4
2.42,395830.0,2.38,"May 10, 2013 00:00:00",2.42,2.36
2.38,563860.0,2.2,"May 14, 2013 00:00:00",2.38,1.32
2.25,199520.0,2.2,"May 15, 2013 00:00:00",2.25,2.19
2.36,81460.0,2.28,"May 16, 2013 00:00:00",2.36,2.28
2.18,166780.0,2.18,"May 17, 2013 00:00:00",2.2,2.18
2.18,194310.0,2.14,"May 20, 2013 00:00:00",2.18,2.14
2.12,71180.0,2.08,"May 21, 2013 00:00:00",2.12,2.08
2.08,67290.0,2.1,"May 23, 2013 00:00:00",2.25,2.08
2.1,75120.0,2.08,"May 24, 2013 00:00:00",2.1,2.08
2.08,122640.0,2.02,"May 27, 2013 00:00:00",2.08,2.02
2.05,22550.0,2.05,"May 28, 2013 00:00:00",2.05,2.05
2.05,344060.0,2.04,"May 29, 2013 00:00:00",2.05,2.03
2.05,55240.0,2.04,"May 30, 2013 00:00:00",2.1,2.04
2.1,67200.0,2.1,"May 31, 2013 00:00:00",2.1,2.1
2.1,270900.0,2.1,"Jun 03, 2013 00:00:00",2.1,2.1
2.1,50660.0,2.02,"Jun 04, 2013 00:00:00",2.1,2.02
2.0,44000.0,2.0,"Jun 05, 2013 00:00:00",2.0,2.0
2.0,2000.0,2.0,"Jun 06, 2013 00:00:00",2.0,2.0
2.01,32159.999999999993,2.01,"Jun 10, 2013 00:00:00",2.01,2.01
1.98,613850.0,1.98,"Jun 11, 2013 00:00:00",1.99,1.98
1.98,253650.0,1.95,"Jun 13, 2013 00:00:00",1.98,1.95
1.98,59400.0,1.98,"Jun 14, 2013 00:00:00",1.98,1.98
1.95,83900.0,2.0,"Jun 17, 2013 00:00:00",2.0,1.95
2.05,543100.0,2.05,"Jun 18, 2013 00:00:00",2.05,2.02
2.1,107100.0,2.1,"Jun 19, 2013 00:00:00",2.1,2.1
2.04,548680.0,2.04,"Jun 20, 2013 00:00:00",2.04,2.02
1.95,792960.0,2.0,"Jun 21, 2013 00:00:00",2.0,1.95
1.95,259150.0,1.85,"Jun 25, 2013 00:00:00",2.0,1.85
2.15,394070.0,1.92,"Jun 26, 2013 00:00:00",2.15,1.92
1.94,389000.0,1.94,"Jun 27, 2013 00:00:00",1.96,1.94
2.0,1002020.0,2.0,"Jun 28, 2013 00:00:00",2.02,2.0
2.0,34000.0,2.0,"Jul 01, 2013 00:00:00",2.0,2.0
2.01,704060.0,2.0,"Jul 02, 2013 00:00:00",2.01,2.0
2.0,72000.0,2.0,"Jul 04, 2013 00:00:00",2.0,2.0
2.0,235269.99999999997,2.01,"Jul 05, 2013 00:00:00",2.12,2.0
2.0,100000.0,2.0,"Jul 09, 2013 00:00:00",2.0,2.0
2.0,610000.0,2.0,"Jul 11, 2013 00:00:00",2.0,2.0
2.0,26000.0,2.0,"Jul 12, 2013 00:00:00",2.0,2.0
2.0,140000.0,2.0,"Jul 15, 2013 00:00:00",2.0,2.0
2.0,8000.0,2.0,"Jul 18, 2013 00:00:00",2.0,2.0
2.0,233910.0,1.99,"Jul 19, 2013 00:00:00",2.0,1.99
1.99,23880.0,1.99,"Jul 22, 2013 00:00:00",1.99,1.99
1.99,208820.0,1.99,"Jul 23, 2013 00:00:00",1.99,1.96
1.99,49750.0,1.99,"Jul 24, 2013 00:00:00",1.99,1.99
2.02,260720.0,1.99,"Jul 25, 2013 00:00:00",2.02,1.99
1.99,629860.0,1.9,"Jul 26, 2013 00:00:00",1.99,1.9
2.0,154080.0,2.01,"Jul 29, 2013 00:00:00",2.01,2.0
2.02,103300.0,1.98,"Jul 30, 2013 00:00:00",2.02,1.98
1.98,108900.0,1.98,"Jul 31, 2013 00:00:00",1.98,1.98
1.98,99800.0,2.0,"Aug 01, 2013 00:00:00",2.0,1.98
1.99,260580.0,1.99,"Aug 02, 2013 00:00:00",1.99,1.98
1.98,69300.0,1.98,"Aug 05, 2013 00:00:00",1.98,1.98
1.98,111860.0,1.96,"Aug 06, 2013 00:00:00",1.98,1.96
1.99,258420.0,1.98,"Aug 07, 2013 00:00:00",2.02,1.98
1.96,13720.0,1.96,"Aug 08, 2013 00:00:00",1.96,1.96
1.96,88280.0,2.0,"Aug 13, 2013 00:00:00",2.0,1.96
1.99,153730.0,1.97,"Aug 14, 2013 00:00:00",2.0,1.97
2.01,83620.0,1.99,"Aug 15, 2013 00:00:00",2.01,1.99
1.99,79600.0,1.99,"Aug 16, 2013 00:00:00",1.99,1.99
2.0,11910.0,1.97,"Aug 22, 2013 00:00:00",2.0,1.97
1.85,5550.0,1.85,"Aug 28, 2013 00:00:00",1.85,1.85
1.86,59520.0,1.86,"Sep 02, 2013 00:00:00",1.86,1.86
1.89,27960.0,1.86,"Sep 05, 2013 00:00:00",1.89,1.86
1.87,1870.0,1.87,"Sep 11, 2013 00:00:00",1.87,1.87
1.87,1870.0,1.87,"Sep 16, 2013 00:00:00",1.87,1.87
1.88,9400.0,1.88,"Sep 17, 2013 00:00:00",1.88,1.88
2.0,47600.0,1.88,"Sep 18, 2013 00:00:00",2.0,1.88
1.95,13230.0,1.88,"Sep 19, 2013 00:00:00",1.95,1.88
1.86,40920.0,1.86,"Sep 24, 2013 00:00:00",1.86,1.86
1.87,17070.0,1.9,"Sep 25, 2013 00:00:00",1.9,1.87
1.92,24960.0,1.92,"Oct 01, 2013 00:00:00",1.92,1.92
1.9,38000.0,1.9,"Oct 03, 2013 00:00:00",1.9,1.9
1.9,106400.0,1.9,"Oct 04, 2013 00:00:00",1.9,1.9
1.9,102600.0,1.9,"Oct 07, 2013 00:00:00",1.9,1.9
1.92,15300.0,1.9,"Oct 08, 2013 00:00:00",1.92,1.9
1.9,24760.0,1.93,"Oct 09, 2013 00:00:00",1.93,1.9
1.95,9770.0,1.96,"Oct 10, 2013 00:00:00",1.96,1.95
1.95,9750.0,1.95,"Oct 11, 2013 00:00:00",1.95,1.95
1.95,1950.0,1.95,"Oct 16, 2013 00:00:00",1.95,1.95
2.0,40000.0,2.0,"Oct 17, 2013 00:00:00",2.0,2.0
2.0,20000.0,2.0,"Oct 18, 2013 00:00:00",2.0,2.0
1.98,3960.0,1.98,"Oct 21, 2013 00:00:00",1.98,1.98
2.08,18720.0,2.08,"Oct 22, 2013 00:00:00",2.08,2.08
2.08,278720.0,2.08,"Oct 23, 2013 00:00:00",2.08,2.08
1.98,5940.0,1.98,"Oct 24, 2013 00:00:00",1.98,1.98
1.98,29700.0,1.98,"Oct 29, 2013 00:00:00",1.98,1.98
2.09,33480.0,2.1,"Oct 30, 2013 00:00:00",2.1,2.09
2.1,4200.0,2.1,"Oct 31, 2013 00:00:00",2.1,2.1
2.0,10000.0,2.0,"Nov 07, 2013 00:00:00",2.0,2.0
2.0,4050.0,2.05,"Nov 11, 2013 00:00:00",2.05,2.0
2.05,168500.0,2.0,"Nov 12, 2013 00:00:00",2.05,2.0
2.0,108000.0,2.0,"Nov 13, 2013 00:00:00",2.0,2.0
1.97,3940.0,1.97,"Nov 14, 2013 00:00:00",1.97,1.97
2.05,54200.0,2.1,"Nov 15, 2013 00:00:00",2.1,2.05
2.1,4200.0,2.1,"Nov 18, 2013 00:00:00",2.1,2.1
1.95,39000.0,1.95,"Nov 20, 2013 00:00:00",1.95,1.95
1.95,19500.0,1.95,"Nov 22, 2013 00:00:00",1.95,1.95
1.95,1950.0,1.95,"Nov 28, 2013 00:00:00",1.95,1.95
1.98,1166220.0,1.98,"Dec 05, 2013 00:00:00",1.98,1.98
2.1,2100.0,2.1,"Dec 06, 2013 00:00:00",2.1,2.1
2.0,14000.0,2.0,"Dec 09, 2013 00:00:00",2.0,2.0
2.0,31760.0,2.16,"Dec 10, 2013 00:00:00",2.16,2.0
2.0,41960.0,2.0,"Dec 12, 2013 00:00:00",2.0,1.96
2.0,40000.0,2.0,"Dec 13, 2013 00:00:00",2.0,2.0
1.97,89030.0,2.0,"Dec 16, 2013 00:00:00",2.0,1.96
2.0,60000.0,2.0,"Dec 17, 2013 00:00:00",2.0,2.0
1.96,9740.0,1.94,"Dec 18, 2013 00:00:00",1.96,1.94
2.0,60000.0,2.0,"Dec 19, 2013 00:00:00",2.0,2.0
1.96,9800.0,1.96,"Dec 23, 2013 00:00:00",1.96,1.96
2.0,60000.0,2.0,"Dec 26, 2013 00:00:00",2.0,2.0
2.0,140000.0,2.0,"Jan 06, 2014 00:00:00",2.0,2.0
2.0,100000.0,2.0,"Jan 07, 2014 00:00:00",2.0,2.0
1.96,15680.0,1.96,"Jan 08, 2014 00:00:00",1.96,1.96
2.0,320000.0,2.0,"Jan 09, 2014 00:00:00",2.0,2.0
2.0,6000.0,2.0,"Jan 10, 2014 00:00:00",2.0,2.0
1.98,1980.0,1.98,"Jan 13, 2014 00:00:00",1.98,1.98
2.0,30000.0,2.0,"Jan 14, 2014 00:00:00",2.0,2.0
2.0,20000.0,2.0,"Jan 15, 2014 00:00:00",2.0,2.0
2.0,24000.0,2.0,"Jan 16, 2014 00:00:00",2.0,2.0
2.08,56160.0,2.08,"Jan 22, 2014 00:00:00",2.08,2.08
2.08,10400.0,2.08,"Jan 23, 2014 00:00:00",2.08,2.08
1.98,21850.0,2.05,"Jan 28, 2014 00:00:00",2.05,1.98
2.05,116850.0,2.05,"Jan 29, 2014 00:00:00",2.05,2.05
2.0,2000.0,2.0,"Feb 06, 2014 00:00:00",2.0,2.0
2.05,799500.0,2.05,"Feb 10, 2014 00:00:00",2.05,2.05
2.0,2000.0,2.0,"Feb 12, 2014 00:00:00",2.0,2.0
2.05,36900.0,2.05,"Feb 13, 2014 00:00:00",2.05,2.05
2.0,2000.0,2.0,"Feb 18, 2014 00:00:00",2.0,2.0
2.0,16350.0,2.05,"Feb 19, 2014 00:00:00",2.05,2.0
2.0,84250.0,2.05,"Feb 21, 2014 00:00:00",2.05,2.0
2.0,160000.0,2.0,"Feb 25, 2014 00:00:00",2.0,2.0
2.05,1838460.0,2.17,"Feb 27, 2014 00:00:00",2.17,2.05
2.17,254520.0,2.13,"Feb 28, 2014 00:00:00",2.2,2.13
2.12,84600.0,2.13,"Mar 03, 2014 00:00:00",2.13,2.1
2.13,62680.0,2.16,"Mar 04, 2014 00:00:00",2.18,2.13
2.12,838310.0,2.14,"Mar 05, 2014 00:00:00",2.14,2.07
2.18,88380.0,2.18,"Mar 06, 2014 00:00:00",2.18,2.14
2.18,3709200.0,2.25,"Mar 07, 2014 00:00:00",2.25,2.17
2.1,198440.0,2.09,"Mar 10, 2014 00:00:00",2.1,2.01
2.08,16640.0,2.08,"Mar 11, 2014 00:00:00",2.08,2.08
2.0,14090.0,2.01,"Mar 12, 2014 00:00:00",2.08,2.0
2.01,4019.9999999999995,2.01,"Mar 13, 2014 00:00:00",2.01,2.01
2.01,2009.9999999999998,2.01,"Mar 14, 2014 00:00:00",2.01,2.01
2.01,66020.0,2.0,"Mar 17, 2014 00:00:00",2.01,2.0
2.04,58590.0,2.01,"Mar 18, 2014 00:00:00",2.04,2.01
2.01,14069.999999999998,2.01,"Mar 20, 2014 00:00:00",2.01,2.01
2.01,16079.999999999998,2.01,"Mar 25, 2014 00:00:00",2.01,2.01
2.01,2009.9999999999998,2.01,"Mar 26, 2014 00:00:00",2.01,2.01
2.07,8070.0,2.0,"Mar 27, 2014 00:00:00",2.07,2.0
2.0,4000.0,2.0,"Mar 31, 2014 00:00:00",2.0,2.0
2.0,46000.0,2.0,"Apr 01, 2014 00:00:00",2.0,2.0
2.0,36600.0,2.06,"Apr 03, 2014 00:00:00",2.06,2.0
2.06,16480.0,2.06,"Apr 04, 2014 00:00:00",2.06,2.06
2.0,4000.0,2.0,"Apr 08, 2014 00:00:00",2.0,2.0
2.06,6180.0,2.06,"Apr 10, 2014 00:00:00",2.06,2.06
2.02,10100.0,2.02,"Apr 11, 2014 00:00:00",2.02,2.02
1.97,29550.0,1.97,"Apr 15, 2014 00:00:00",1.97,1.97
2.0,20000.0,2.0,"Apr 16, 2014 00:00:00",2.0,2.0
2.06,121540.0,2.06,"Apr 22, 2014 00:00:00",2.06,2.06
2.06,10200.0,2.01,"Apr 23, 2014 00:00:00",2.06,2.01
2.11,4220.0,2.11,"Apr 24, 2014 00:00:00",2.11,2.11
2.1,10500.0,2.1,"Apr 25, 2014 00:00:00",2.1,2.1
2.01,687250.0,2.02,"Apr 28, 2014 00:00:00",2.05,2.01
2.06,18540.0,2.06,"Apr 29, 2014 00:00:00",2.06,2.06
2.05,2050.0,2.05,"Apr 30, 2014 00:00:00",2.05,2.05
2.06,20570.0,2.07,"May 02, 2014 00:00:00",2.07,2.05
2.04,679830.0,2.05,"May 05, 2014 00:00:00",2.05,2.04
2.08,2080.0,2.08,"May 06, 2014 00:00:00",2.08,2.08
2.13,4260.0,2.13,"May 08, 2014 00:00:00",2.13,2.13
2.19,16800.0,2.18,"May 09, 2014 00:00:00",2.19,2.05
2.18,10900.0,2.18,"May 14, 2014 00:00:00",2.18,2.18
2.08,222700.0,2.1,"May 15, 2014 00:00:00",2.1,2.08
2.1,350700.0,2.1,"May 16, 2014 00:00:00",2.1,2.1
2.14,40660.0,2.14,"May 19, 2014 00:00:00",2.14,2.14
2.08,531500.0,2.08,"May 20, 2014 00:00:00",2.1,2.08
2.07,18680.0,2.07,"May 21, 2014 00:00:00",2.08,2.07
2.07,4140.0,2.07,"May 23, 2014 00:00:00",2.07,2.07
2.06,29040.0,2.08,"May 26, 2014 00:00:00",2.08,2.06
2.05,212590.0,2.11,"May 28, 2014 00:00:00",2.11,2.05
2.06,4120.0,2.06,"May 29, 2014 00:00:00",2.06,2.06
2.1,209180.0,2.16,"May 30, 2014 00:00:00",2.17,2.1
2.17,334850.0,2.16,"Jun 02, 2014 00:00:00",2.17,2.16
2.17,50410.0,2.2,"Jun 04, 2014 00:00:00",2.2,2.17
2.28,43020.0,2.25,"Jun 05, 2014 00:00:00",2.28,2.25
2.2,147400.0,2.2,"Jun 06, 2014 00:00:00",2.2,2.2
2.2,24200.0,2.2,"Jun 09, 2014 00:00:00",2.2,2.2
2.22,115400.00000000001,2.2,"Jun 10, 2014 00:00:00",2.22,2.2
2.25,206090.0,2.25,"Jun 11, 2014 00:00:00",2.27,2.25
2.27,13580.0,2.25,"Jun 13, 2014 00:00:00",2.27,2.25
2.25,6541850.0,2.1,"Jun 16, 2014 00:00:00",2.25,2.1
2.12,21200.0,2.12,"Jun 18, 2014 00:00:00",2.12,2.12
2.12,78390.0,2.11,"Jun 19, 2014 00:00:00",2.12,2.11
2.11,21100.0,2.11,"Jun 20, 2014 00:00:00",2.11,2.11
2.11,662430.0,2.11,"Jun 23, 2014 00:00:00",2.11,2.1
2.11,46420.0,2.11,"Jun 24, 2014 00:00:00",2.11,2.11
2.16,2160.0,2.16,"Jun 25, 2014 00:00:00",2.16,2.16
2.1,2100.0,2.1,"Jun 27, 2014 00:00:00",2.1,2.1
2.11,12660.0,2.11,"Jun 30, 2014 00:00:00",2.11,2.11
2.15,45110.0,2.11,"Jul 02, 2014 00:00:00",2.15,2.11
2.12,8480.0,2.12,"Jul 03, 2014 00:00:00",2.12,2.12
2.1,247800.0,2.1,"Jul 04, 2014 00:00:00",2.1,2.1
2.1,37800.0,2.1,"Jul 07, 2014 00:00:00",2.1,2.1
2.11,4220.0,2.11,"Jul 08, 2014 00:00:00",2.11,2.11
2.1,181240.0,2.14,"Jul 09, 2014 00:00:00",2.14,2.1
2.15,21480.0,2.14,"Jul 11, 2014 00:00:00",2.15,2.14
2.1,2100.0,2.1,"Jul 14, 2014 00:00:00",2.1,2.1
2.14,993230.0,2.11,"Jul 18, 2014 00:00:00",2.2,2.11
2.12,254400.0,2.12,"Jul 21, 2014 00:00:00",2.12,2.12
2.15,1264540.0,2.11,"Jul 22, 2014 00:00:00",2.15,2.11
2.11,2110.0,2.11,"Jul 23, 2014 00:00:00",2.11,2.11
2.11,145590.0,2.11,"Jul 24, 2014 00:00:00",2.11,2.11
2.11,113940.0,2.11,"Jul 25, 2014 00:00:00",2.11,2.11
2.1,241500.0,2.1,"Jul 30, 2014 00:00:00",2.1,2.1
2.11,42200.0,2.11,"Jul 31, 2014 00:00:00",2.11,2.11
2.12,35990.0,2.11,"Aug 01, 2014 00:00:00",2.12,2.11
2.11,10540.0,2.1,"Aug 04, 2014 00:00:00",2.11,2.1
2.11,67520.0,2.11,"Aug 05, 2014 00:00:00",2.11,2.11
2.11,4220.0,2.11,"Aug 07, 2014 00:00:00",2.11,2.11
2.11,10670.0,2.14,"Aug 08, 2014 00:00:00",2.14,2.11
2.14,49220.0,2.14,"Aug 11, 2014 00:00:00",2.14,2.14
2.14,216140.0,2.14,"Aug 12, 2014 00:00:00",2.14,2.14
2.14,49140.0,2.13,"Aug 13, 2014 00:00:00",2.14,2.12
2.1,8430.0,2.13,"Aug 14, 2014 00:00:00",2.13,2.1
2.14,276360.0,2.17,"Aug 15, 2014 00:00:00",2.17,2.14
2.14,280190.0,2.12,"Aug 18, 2014 00:00:00",2.14,2.12
2.1,2100.0,2.1,"Aug 22, 2014 00:00:00",2.1,2.1
2.17,65500.0,2.2,"Aug 28, 2014 00:00:00",2.2,2.17
2.1,37800.0,2.1,"Aug 29, 2014 00:00:00",2.1,2.1
2.1,155400.0,2.1,"Sep 01, 2014 00:00:00",2.1,2.1
2.1,8400.0,2.1,"Sep 02, 2014 00:00:00",2.1,2.1
2.05,122930.0,2.11,"Sep 05, 2014 00:00:00",2.11,2.05
2.1,4200.0,2.1,"Sep 08, 2014 00:00:00",2.1,2.1
2.1,420000.0,2.1,"Sep 09, 2014 00:00:00",2.1,2.1
2.11,107590.0,2.09,"Sep 11, 2014 00:00:00",2.11,2.09
2.09,2090.0,2.09,"Sep 12, 2014 00:00:00",2.09,2.09
2.09,12790.0,2.14,"Sep 15, 2014 00:00:00",2.14,2.09
2.17,32480.0,2.15,"Sep 22, 2014 00:00:00",2.17,2.15
2.17,10850.0,2.17,"Sep 23, 2014 00:00:00",2.17,2.17
2.15,788270.0,2.15,"Sep 25, 2014 00:00:00",2.3,2.15
2.14,4280.0,2.14,"Sep 26, 2014 00:00:00",2.14,2.14
2.15,21950.0,2.2,"Sep 30, 2014 00:00:00",2.2,2.15
2.14,290530.0,2.12,"Oct 02, 2014 00:00:00",2.14,2.12
2.11,264400.0,2.12,"Oct 03, 2014 00:00:00",2.2,2.11
2.14,77040.0,2.14,"Oct 07, 2014 00:00:00",2.14,2.14
2.2,369270.0,2.11,"Oct 08, 2014 00:00:00",2.2,2.11
2.2,750800.0,2.12,"Oct 09, 2014 00:00:00",2.2,2.12
2.2,280000.0,2.12,"Oct 10, 2014 00:00:00",2.2,2.12
2.12,4240.0,2.12,"Oct 13, 2014 00:00:00",2.12,2.12
2.12,21200.0,2.12,"Oct 14, 2014 00:00:00",2.12,2.12
2.12,63600.0,2.12,"Oct 15, 2014 00:00:00",2.12,2.12
2.15,570700.0,2.12,"Oct 16, 2014 00:00:00",2.15,2.11
2.11,253200.0,2.11,"Oct 17, 2014 00:00:00",2.11,2.11
2.11,147700.0,2.11,"Oct 21, 2014 00:00:00",2.11,2.11
2.11,274300.0,2.11,"Oct 22, 2014 00:00:00",2.11,2.11
2.11,86510.0,2.11,"Oct 27, 2014 00:00:00",2.11,2.11
2.16,8640.0,2.16,"Oct 29, 2014 00:00:00",2.16,2.16
2.16,151200.0,2.16,"Oct 31, 2014 00:00:00",2.16,2.16
2.16,2160.0,2.16,"Nov 03, 2014 00:00:00",2.16,2.16
2.21,6630.0,2.21,"Nov 04, 2014 00:00:00",2.21,2.21
2.15,6450.0,2.15,"Nov 05, 2014 00:00:00",2.15,2.15
2.2,6600.000000000001,2.2,"Nov 07, 2014 00:00:00",2.2,2.2
2.21,4420.0,2.21,"Nov 11, 2014 00:00:00",2.21,2.21
2.12,65720.0,2.12,"Nov 14, 2014 00:00:00",2.12,2.12
2.12,25440.0,2.12,"Nov 17, 2014 00:00:00",2.12,2.12
2.12,2120.0,2.12,"Nov 18, 2014 00:00:00",2.12,2.12
2.2,76500.0,2.18,"Nov 21, 2014 00:00:00",2.2,2.18
2.21,22100.0,2.21,"Nov 26, 2014 00:00:00",2.21,2.21
2.15,103200.0,2.15,"Nov 28, 2014 00:00:00",2.15,2.15
2.23,4460.0,2.23,"Dec 02, 2014 00:00:00",2.23,2.23
2.2,66000.0,2.2,"Dec 03, 2014 00:00:00",2.2,2.2
2.2,11000.0,2.2,"Dec 04, 2014 00:00:00",2.2,2.2
2.19,37230.0,2.19,"Dec 05, 2014 00:00:00",2.19,2.19
2.19,6490.0,2.15,"Dec 15, 2014 00:00:00",2.19,2.15
2.13,106500.0,2.13,"Dec 16, 2014 00:00:00",2.13,2.13
2.12,489860.0,2.11,"Dec 17, 2014 00:00:00",2.12,2.11
2.15,21500.0,2.15,"Dec 22, 2014 00:00:00",2.15,2.15
2.15,53750.0,2.15,"Dec 29, 2014 00:00:00",2.15,2.15
2.11,6330.0,2.11,"Jan 05, 2015 00:00:00",2.11,2.11
2.2,13200.0,2.2,"Jan 07, 2015 00:00:00",2.2,2.2
2.2,2200.0,2.2,"Jan 08, 2015 00:00:00",2.2,2.2
2.19,21900.0,2.19,"Jan 09, 2015 00:00:00",2.19,2.19
2.19,10950.0,2.19,"Jan 12, 2015 00:00:00",2.19,2.19
2.18,28340.0,2.18,"Jan 20, 2015 00:00:00",2.18,2.18
2.22,4440.0,2.22,"Jan 21, 2015 00:00:00",2.22,2.22
2.18,2539340.0,2.3,"Jan 23, 2015 00:00:00",2.3,2.14
2.3,9200.0,2.3,"Jan 29, 2015 00:00:00",2.3,2.3
2.3,377300.0,2.3,"Jan 30, 2015 00:00:00",2.35,2.3
2.3,108100.0,2.3,"Feb 03, 2015 00:00:00",2.3,2.3
2.3,393300.0,2.3,"Feb 04, 2015 00:00:00",2.3,2.3
2.25,2250.0,2.25,"Feb 05, 2015 00:00:00",2.25,2.25
2.21,194370.0,2.35,"Feb 06, 2015 00:00:00",2.35,2.2
2.25,29250.0,2.25,"Feb 09, 2015 00:00:00",2.25,2.25
2.35,265550.0,2.35,"Feb 10, 2015 00:00:00",2.35,2.35
2.21,35360.0,2.21,"Feb 11, 2015 00:00:00",2.21,2.21
2.21,89300.0,2.21,"Feb 12, 2015 00:00:00",2.3,2.21
2.21,150980.0,2.22,"Feb 13, 2015 00:00:00",2.23,2.21
2.3,50600.0,2.3,"Feb 16, 2015 00:00:00",2.3,2.3
2.3,67600.0,2.23,"Feb 18, 2015 00:00:00",2.3,2.23
2.23,6790.0,2.28,"Feb 23, 2015 00:00:00",2.28,2.23
2.28,165720.0,2.27,"Feb 24, 2015 00:00:00",2.28,2.27
2.27,22700.0,2.27,"Feb 25, 2015 00:00:00",2.27,2.27
2.35,2847960.0,2.4,"Feb 26, 2015 00:00:00",2.45,2.35
2.4,627900.0,2.41,"Feb 27, 2015 00:00:00",2.41,2.4
2.41,836070.0,2.45,"Mar 02, 2015 00:00:00",2.48,2.41
2.46,929400.0,2.46,"Mar 03, 2015 00:00:00",2.47,2.45
2.47,1339120.0,2.4,"Mar 04, 2015 00:00:00",2.47,2.38
2.4,1612150.0,2.49,"Mar 05, 2015 00:00:00",2.49,2.4
2.4,562140.0,2.32,"Mar 06, 2015 00:00:00",2.4,2.22
2.32,530960.0,2.22,"Mar 09, 2015 00:00:00",2.32,2.22
2.22,27210.0,2.28,"Mar 10, 2015 00:00:00",2.28,2.22
2.27,76620.0,2.25,"Mar 11, 2015 00:00:00",2.27,2.25
2.25,85870.0,2.29,"Mar 12, 2015 00:00:00",2.29,2.25
2.29,141090.0,2.36,"Mar 13, 2015 00:00:00",2.36,2.29
2.26,96840.0,2.25,"Mar 16, 2015 00:00:00",2.26,2.25
2.26,52020.0,2.28,"Mar 17, 2015 00:00:00",2.28,2.26
2.27,142680.0,2.26,"Mar 18, 2015 00:00:00",2.27,2.26
2.26,13560.0,2.26,"Mar 19, 2015 00:00:00",2.26,2.26
2.27,36320.0,2.27,"Mar 20, 2015 00:00:00",2.27,2.27
2.29,81740.0,2.27,"Mar 23, 2015 00:00:00",2.29,2.27
2.29,93200.0,2.26,"Mar 24, 2015 00:00:00",2.29,2.26
2.28,68460.0,2.28,"Mar 25, 2015 00:00:00",2.29,2.28
2.34,2340.0,2.34,"Mar 26, 2015 00:00:00",2.34,2.34
2.34,233080.0,2.32,"Mar 27, 2015 00:00:00",2.34,2.25
2.34,146140.0,2.34,"Mar 30, 2015 00:00:00",2.34,2.3
2.34,25140.0,2.28,"Mar 31, 2015 00:00:00",2.34,2.28
2.28,101130.0,2.33,"Apr 01, 2015 00:00:00",2.34,2.28
2.33,9320.0,2.33,"Apr 06, 2015 00:00:00",2.33,2.33
2.28,188580.0,2.28,"Apr 07, 2015 00:00:00",2.34,2.28
2.33,18400.0,2.33,"Apr 08, 2015 00:00:00",2.33,2.29
2.33,37130.0,2.33,"Apr 10, 2015 00:00:00",2.33,2.3
2.33,9320.0,2.33,"Apr 13, 2015 00:00:00",2.33,2.33
2.29,52750.0,2.33,"Apr 14, 2015 00:00:00",2.33,2.29
2.29,52540.0,2.28,"Apr 15, 2015 00:00:00",2.29,2.28
2.33,67440.0,2.29,"Apr 16, 2015 00:00:00",2.35,2.29
2.35,349110.0,2.35,"Apr 17, 2015 00:00:00",2.35,2.34
2.38,117470.0,2.37,"Apr 20, 2015 00:00:00",2.38,2.3
2.39,11870.0,2.36,"Apr 21, 2015 00:00:00",2.39,2.36
2.31,53080.0,2.31,"Apr 22, 2015 00:00:00",2.31,2.3
2.38,30170.0,2.38,"Apr 23, 2015 00:00:00",2.38,2.31
2.39,2448100.0,2.53,"Apr 24, 2015 00:00:00",2.53,2.39
2.36,4880.0,2.52,"Apr 27, 2015 00:00:00",2.52,2.36
2.51,50360.0,2.52,"Apr 28, 2015 00:00:00",2.52,2.51
2.41,28960.0,2.45,"Apr 29, 2015 00:00:00",2.45,2.41
2.45,82520.0,2.5,"Apr 30, 2015 00:00:00",2.52,2.45
2.5,152200.0,2.5,"May 04, 2015 00:00:00",2.5,2.35
2.5,2500.0,2.5,"May 05, 2015 00:00:00",2.5,2.5
2.5,20000.0,2.5,"May 07, 2015 00:00:00",2.5,2.5
2.51,2510.0,2.51,"May 08, 2015 00:00:00",2.51,2.51
2.33,25840.0,2.54,"May 11, 2015 00:00:00",2.54,2.33
2.33,448960.0,2.51,"May 12, 2015 00:00:00",2.51,2.31
2.32,14510.0,2.5,"May 14, 2015 00:00:00",2.5,2.32
2.5,7500.0,2.5,"May 15, 2015 00:00:00",2.5,2.5
2.5,100440.0,2.49,"May 19, 2015 00:00:00",2.5,2.32
2.48,166960.0,2.49,"May 20, 2015 00:00:00",2.52,2.48
2.49,344440.0,2.5,"May 21, 2015 00:00:00",2.51,2.49
2.49,97950.0,2.44,"May 22, 2015 00:00:00",2.49,2.44
2.35,44770.0,2.47,"May 27, 2015 00:00:00",2.47,2.35
2.46,2460.0,2.46,"May 28, 2015 00:00:00",2.46,2.46
2.46,14760.0,2.46,"Jun 01, 2015 00:00:00",2.46,2.46
2.34,9360.0,2.34,"Jun 03, 2015 00:00:00",2.34,2.34
2.34,9620.0,2.46,"Jun 04, 2015 00:00:00",2.48,2.34
2.37,35270.0,2.35,"Jun 08, 2015 00:00:00",2.37,2.35
2.37,26020.0,2.36,"Jun 09, 2015 00:00:00",2.37,2.36
2.36,16520.0,2.36,"Jun 10, 2015 00:00:00",2.36,2.36
2.48,2480.0,2.48,"Jun 11, 2015 00:00:00",2.48,2.48
2.4,12000.0,2.4,"Jun 15, 2015 00:00:00",2.4,2.4
2.46,9810.0,2.45,"Jun 16, 2015 00:00:00",2.46,2.45
2.45,2450.0,2.45,"Jun 17, 2015 00:00:00",2.45,2.45
2.48,24640.0,2.4,"Jun 19, 2015 00:00:00",2.48,2.4
2.43,1350550.0,2.4,"Jun 23, 2015 00:00:00",2.43,2.33
2.43,83930.0,2.49,"Jun 24, 2015 00:00:00",2.52,2.43
2.49,2490.0,2.49,"Jun 25, 2015 00:00:00",2.49,2.49
2.49,2490.0,2.49,"Jun 25, 2015 00:00:00",2.49,2.49
2.41,94100.0,2.53,"Jun 26, 2015 00:00:00",2.53,2.41
2.45,70600.0,2.55,"Jun 29, 2015 00:00:00",2.55,2.45
2.51,63400.0,2.54,"Jun 30, 2015 00:00:00",2.54,2.51
2.5,10000.0,2.5,"Jul 01, 2015 00:00:00",2.5,2.5
2.49,254980.0,2.5,"Jul 02, 2015 00:00:00",2.5,2.49
2.5,230000.0,2.5,"Jul 03, 2015 00:00:00",2.5,2.5
2.42,70180.0,2.42,"Jul 08, 2015 00:00:00",2.42,2.42
2.5,12500.0,2.5,"Jul 10, 2015 00:00:00",2.5,2.5
2.5,166910.0,2.41,"Jul 14, 2015 00:00:00",2.5,2.41
2.53,20240.0,2.53,"Jul 15, 2015 00:00:00",2.53,2.53
2.53,45460.0,2.53,"Jul 21, 2015 00:00:00",2.53,2.5
2.53,7530.0,2.5,"Jul 22, 2015 00:00:00",2.53,2.5
2.52,10080.0,2.52,"Jul 23, 2015 00:00:00",2.52,2.52
2.52,10080.0,2.52,"Jul 23, 2015 00:00:00",2.52,2.52
2.52,10080.0,2.52,"Jul 23, 2015 00:00:00",2.52,2.52
2.52,15120.0,2.52,"Jul 24, 2015 00:00:00",2.52,2.52
2.45,9770.0,2.45,"Jul 27, 2015 00:00:00",2.45,2.42
2.43,7290.000000000001,2.43,"Jul 28, 2015 00:00:00",2.43,2.43
2.5,77820.0,2.52,"Jul 29, 2015 00:00:00",2.52,2.5
2.52,32760.0,2.52,"Jul 30, 2015 00:00:00",2.52,2.52
2.53,116379.99999999999,2.53,"Aug 05, 2015 00:00:00",2.53,2.53
2.45,4990.0,2.54,"Aug 06, 2015 00:00:00",2.54,2.45
2.54,86330.0,2.51,"Aug 07, 2015 00:00:00",2.54,2.51
2.51,10080.0,2.52,"Aug 10, 2015 00:00:00",2.53,2.51
2.52,36870.0,2.45,"Aug 11, 2015 00:00:00",2.52,2.45
2.47,2470.0,2.47,"Aug 12, 2015 00:00:00",2.47,2.47
2.44,2440.0,2.44,"Aug 13, 2015 00:00:00",2.44,2.44
2.44,56820.0,2.51,"Aug 14, 2015 00:00:00",2.51,2.44
2.45,36750.0,2.45,"Aug 17, 2015 00:00:00",2.45,2.45
2.54,5080.0,2.54,"Aug 18, 2015 00:00:00",2.54,2.54
2.42,12210.0,2.53,"Aug 19, 2015 00:00:00",2.53,2.42
2.5,92500.0,2.5,"Aug 20, 2015 00:00:00",2.5,2.5
2.42,771300.0,2.41,"Aug 24, 2015 00:00:00",2.42,2.41
2.41,832420.0,2.45,"Aug 25, 2015 00:00:00",2.45,2.41
2.41,1057600.0,2.41,"Aug 26, 2015 00:00:00",2.41,2.34
2.51,2510.0,2.51,"Aug 27, 2015 00:00:00",2.51,2.51
2.51,7550.0,2.52,"Sep 01, 2015 00:00:00",2.52,2.51
2.41,341090.0,2.38,"Sep 02, 2015 00:00:00",2.41,2.3
2.36,141040.0,2.35,"Sep 03, 2015 00:00:00",2.36,2.35
2.15,460970.0,2.49,"Sep 04, 2015 00:00:00",2.49,2.15
2.48,21950.0,2.41,"Sep 07, 2015 00:00:00",2.48,2.41
2.4,79200.0,2.4,"Sep 08, 2015 00:00:00",2.4,2.4
2.17,2170.0,2.17,"Sep 09, 2015 00:00:00",2.17,2.17
2.4,141600.0,2.4,"Sep 10, 2015 00:00:00",2.4,2.4
2.45,26850.0,2.44,"Sep 11, 2015 00:00:00",2.45,2.44
2.42,50520.0,2.38,"Sep 15, 2015 00:00:00",2.42,2.38
2.42,50520.0,2.38,"Sep 15, 2015 00:00:00",2.42,2.38
2.42,50520.0,2.38,"Sep 15, 2015 00:00:00",2.42,2.38
2.22,16900.0,2.45,"Sep 17, 2015 00:00:00",2.45,2.22
2.45,245050.00000000003,2.5,"Sep 18, 2015 00:00:00",2.5,2.45
2.47,39190.0,2.4,"Sep 24, 2015 00:00:00",2.48,2.4
2.48,124700.0,2.5,"Sep 28, 2015 00:00:00",2.5,2.48
2.27,7020.0,2.47,"Sep 29, 2015 00:00:00",2.47,2.27
2.45,12250.0,2.45,"Oct 01, 2015 00:00:00",2.45,2.45
2.43,17010.0,2.43,"Oct 06, 2015 00:00:00",2.43,2.43
2.4,113000.0,2.42,"Oct 07, 2015 00:00:00",2.42,2.4
2.45,4900.0,2.45,"Oct 08, 2015 00:00:00",2.45,2.45
2.45,4900.0,2.45,"Oct 09, 2015 00:00:00",2.45,2.45
2.35,152810.0,2.38,"Oct 12, 2015 00:00:00",2.38,2.35
2.38,303040.0,2.35,"Oct 13, 2015 00:00:00",2.38,2.3
2.35,32900.0,2.35,"Oct 14, 2015 00:00:00",2.35,2.35
2.43,327520.0,2.44,"Oct 15, 2015 00:00:00",2.44,2.3
2.45,579560.0,2.52,"Oct 16, 2015 00:00:00",2.52,2.45
2.48,52180.0,2.53,"Oct 19, 2015 00:00:00",2.53,2.48
2.48,24720.0,2.46,"Oct 20, 2015 00:00:00",2.48,2.46
2.5,65210.0,2.5,"Oct 21, 2015 00:00:00",2.54,2.5
2.5,70000.0,2.5,"Oct 22, 2015 00:00:00",2.5,2.5
2.46,41700.0,2.46,"Oct 26, 2015 00:00:00",2.46,2.4
2.42,209650.0,2.44,"Oct 27, 2015 00:00:00",2.5,2.4
2.51,5000.0,2.49,"Oct 29, 2015 00:00:00",2.51,2.49
2.41,4820.0,2.41,"Nov 03, 2015 00:00:00",2.41,2.41
2.45,107800.0,2.45,"Nov 04, 2015 00:00:00",2.45,2.45
2.45,24500.0,2.45,"Nov 05, 2015 00:00:00",2.45,2.45
2.5,222840.0,2.51,"Nov 06, 2015 00:00:00",2.51,2.5
2.51,22570.0,2.5,"Nov 09, 2015 00:00:00",2.51,2.5
2.5,7500.0,2.5,"Nov 11, 2015 00:00:00",2.5,2.5
2.51,14690.0,2.39,"Nov 12, 2015 00:00:00",2.51,2.39
2.48,4960.0,2.48,"Nov 13, 2015 00:00:00",2.48,2.48
2.45,22050.0,2.45,"Nov 26, 2015 00:00:00",2.45,2.45
2.5,7480.0,2.48,"Dec 01, 2015 00:00:00",2.5,2.48
2.49,19880.0,2.48,"Dec 02, 2015 00:00:00",2.49,2.48
2.49,19920.0,2.49,"Dec 03, 2015 00:00:00",2.49,2.49
2.49,2490.0,2.49,"Dec 04, 2015 00:00:00",2.49,2.49
2.5,2500.0,2.5,"Dec 07, 2015 00:00:00",2.5,2.5
2.44,31750.0,2.45,"Dec 08, 2015 00:00:00",2.45,2.44
2.49,2490.0,2.49,"Dec 09, 2015 00:00:00",2.49,2.49
2.48,27280.0,2.48,"Dec 10, 2015 00:00:00",2.48,2.48
2.46,52410.0,2.51,"Dec 11, 2015 00:00:00",2.51,2.46
2.46,39710.0,2.5,"Dec 14, 2015 00:00:00",2.5,2.45
2.45,41650.0,2.45,"Dec 17, 2015 00:00:00",2.45,2.45
2.51,76070.0,2.45,"Dec 21, 2015 00:00:00",2.51,2.45
2.45,88200.0,2.45,"Jan 07, 2016 00:00:00",2.45,2.45
2.41,4820.0,2.41,"Jan 11, 2016 00:00:00",2.41,2.41
2.5,29500.0,2.45,"Jan 13, 2016 00:00:00",2.5,2.45
2.45,24500.0,2.45,"Jan 14, 2016 00:00:00",2.45,2.45
2.44,433600.0,2.41,"Jan 15, 2016 00:00:00",2.44,2.4
2.5,40000.0,2.5,"Jan 20, 2016 00:00:00",2.5,2.5
2.5,1420940.0,2.4,"Jan 21, 2016 00:00:00",2.5,2.4
2.49,12450.000000000002,2.49,"Jan 22, 2016 00:00:00",2.49,2.49
2.49,24830.000000000004,2.42,"Jan 25, 2016 00:00:00",2.49,2.42
2.5,42500.0,2.5,"Jan 26, 2016 00:00:00",2.5,2.5
2.5,335000.0,2.5,"Jan 28, 2016 00:00:00",2.5,2.5
2.5,40000.0,2.5,"Jan 29, 2016 00:00:00",2.5,2.5
2.5,57500.0,2.5,"Feb 03, 2016 00:00:00",2.5,2.5
2.5,20000.0,2.5,"Feb 04, 2016 00:00:00",2.5,2.5
2.5,12500.0,2.5,"Feb 10, 2016 00:00:00",2.5,2.5
2.5,30070.0,2.51,"Feb 11, 2016 00:00:00",2.51,2.5
2.51,90810.0,2.5,"Feb 12, 2016 00:00:00",2.54,2.5
2.5,235500.0,2.51,"Feb 15, 2016 00:00:00",2.51,2.5
2.52,195900.0,2.51,"Feb 16, 2016 00:00:00",2.52,2.51
2.51,50200.0,2.51,"Feb 17, 2016 00:00:00",2.51,2.51
2.52,351980.0,2.51,"Feb 18, 2016 00:00:00",2.52,2.51
2.52,200190.0,2.6,"Feb 19, 2016 00:00:00",2.7,2.52
2.6,26000.0,2.6,"Feb 22, 2016 00:00:00",2.6,2.6
2.6,755220.0,2.8,"Feb 23, 2016 00:00:00",2.8,2.6
2.8,420280.0,2.95,"Feb 24, 2016 00:00:00",3.2,2.8
3.0,788440.0,3.15,"Feb 26, 2016 00:00:00",3.2,2.9
3.2,102160.0,3.18,"Feb 29, 2016 00:00:00",3.2,3.18
3.17,117110.0,3.16,"Mar 01, 2016 00:00:00",3.17,3.16
3.15,154960.0,3.1,"Mar 02, 2016 00:00:00",3.15,3.07
3.08,1001110.0,3.1,"Mar 03, 2016 00:00:00",3.1,3.07
3.06,218100.0,3.12,"Mar 04, 2016 00:00:00",3.12,3.06
3.14,689440.0,3.1,"Mar 07, 2016 00:00:00",3.14,3.06
3.04,188480.0,2.75,"Mar 08, 2016 00:00:00",3.04,2.75
3.0,390170.0,2.8,"Mar 10, 2016 00:00:00",3.0,2.76
3.0,107200.0,2.75,"Mar 11, 2016 00:00:00",3.0,2.75
2.75,35240.0,2.99,"Mar 14, 2016 00:00:00",2.99,2.65
2.99,8960.0,2.98,"Mar 15, 2016 00:00:00",2.99,2.98
2.8,509330.0,2.98,"Mar 17, 2016 00:00:00",2.98,2.8
2.9,62080.0,2.91,"Mar 18, 2016 00:00:00",2.97,2.9
2.96,32660.0,2.96,"Mar 21, 2016 00:00:00",2.98,2.96
2.84,14200.0,2.84,"Mar 29, 2016 00:00:00",2.84,2.84
2.85,14220.0,2.85,"Mar 30, 2016 00:00:00",2.85,2.84
2.82,54510.0,2.88,"Apr 06, 2016 00:00:00",2.88,2.82
2.82,36660.0,2.82,"Apr 07, 2016 00:00:00",2.82,2.82
2.88,52160.0,2.9,"Apr 08, 2016 00:00:00",2.9,2.88
2.92,1151450.0,2.95,"Apr 12, 2016 00:00:00",2.95,2.92
2.98,116220.0,2.98,"Apr 13, 2016 00:00:00",2.98,2.98
2.98,3301640.0,3.0,"Apr 14, 2016 00:00:00",3.0,2.82
3.0,138000.0,3.0,"Apr 15, 2016 00:00:00",3.0,3.0
2.98,104300.0,2.98,"Apr 18, 2016 00:00:00",2.98,2.98
2.95,53520.0,2.98,"Apr 19, 2016 00:00:00",2.98,2.95
2.95,206500.0,2.95,"Apr 21, 2016 00:00:00",2.95,2.95
3.0,6000.0,3.0,"Apr 22, 2016 00:00:00",3.0,3.0
2.93,8790.0,2.93,"Apr 25, 2016 00:00:00",2.93,2.93
2.96,71040.0,2.96,"Apr 26, 2016 00:00:00",2.96,2.96
2.93,146400.0,2.92,"Apr 27, 2016 00:00:00",2.93,2.92
3.0,44800.0,2.98,"Apr 29, 2016 00:00:00",3.0,2.98
3.0,171200.0,2.9,"May 02, 2016 00:00:00",3.0,2.9
3.0,276000.0,3.0,"May 03, 2016 00:00:00",3.0,3.0
3.0,191850.0,3.0,"May 04, 2016 00:00:00",3.0,2.95
2.98,209740.0,2.9,"May 05, 2016 00:00:00",2.98,2.9
3.0,30000.0,3.0,"May 11, 2016 00:00:00",3.0,3.0
2.9,5800.0,2.9,"May 12, 2016 00:00:00",2.9,2.9
2.95,434990.0,3.0,"May 13, 2016 00:00:00",3.04,2.95
2.9,8870.0,3.07,"May 16, 2016 00:00:00",3.07,2.9
3.0,87000.0,3.0,"May 17, 2016 00:00:00",3.0,3.0
3.06,63770.0,3.0,"May 18, 2016 00:00:00",3.07,3.0
3.0,150000.0,3.0,"May 19, 2016 00:00:00",3.0,3.0
3.0,112150.0,2.95,"May 20, 2016 00:00:00",3.0,2.95
2.95,88500.0,2.95,"May 23, 2016 00:00:00",2.95,2.95
2.95,26540.0,2.94,"May 24, 2016 00:00:00",2.95,2.94
2.95,41300.0,2.95,"May 25, 2016 00:00:00",2.95,2.95
2.93,140380.0,2.92,"May 26, 2016 00:00:00",2.93,2.92
2.95,442500.0,2.95,"May 27, 2016 00:00:00",2.95,2.95
2.92,2920.0,2.92,"May 30, 2016 00:00:00",2.92,2.92
2.92,5840.0,2.92,"May 31, 2016 00:00:00",2.92,2.92
2.94,95040.0,3.0,"Jun 02, 2016 00:00:00",3.0,2.94
3.04,9120.0,3.04,"Jun 06, 2016 00:00:00",3.04,3.04
3.05,191260.0,3.11,"Jun 07, 2016 00:00:00",3.11,3.05
3.09,250290.0,3.09,"Jun 08, 2016 00:00:00",3.09,3.09
3.1,40410.0,3.11,"Jun 09, 2016 00:00:00",3.11,3.1
3.18,15900.0,3.18,"Jun 10, 2016 00:00:00",3.18,3.18
3.1,15500.0,3.1,"Jun 13, 2016 00:00:00",3.1,3.1
3.1,98340.0,3.18,"Jun 16, 2016 00:00:00",3.18,3.1
3.18,92870.0,3.28,"Jun 17, 2016 00:00:00",3.28,3.18
3.28,3280.0,3.28,"Jun 20, 2016 00:00:00",3.28,3.28
3.28,302000.0,3.46,"Jun 22, 2016 00:00:00",3.5,3.28
3.48,5887890.0,4.2,"Jun 23, 2016 00:00:00",5.19,3.48
4.2,499610.0,4.18,"Jun 24, 2016 00:00:00",4.2,3.8
4.15,70650.0,4.19,"Jun 27, 2016 00:00:00",4.19,4.15
4.15,122790.0,4.18,"Jun 28, 2016 00:00:00",4.18,3.81
4.01,92180.0,4.17,"Jun 29, 2016 00:00:00",4.17,4.0
4.15,112410.0,4.01,"Jun 30, 2016 00:00:00",4.15,4.0
4.1,114800.0,4.1,"Jul 01, 2016 00:00:00",4.1,4.1
4.15,90610.0,4.07,"Jul 04, 2016 00:00:00",4.15,4.05
4.07,49080.0,4.09,"Jul 05, 2016 00:00:00",4.1,4.07
4.09,431870.0,4.1,"Jul 07, 2016 00:00:00",4.15,4.04
4.04,297620.0,4.09,"Jul 08, 2016 00:00:00",4.09,4.0
4.05,253700.0,4.1,"Jul 11, 2016 00:00:00",4.1,4.05
4.05,57070.0,4.14,"Jul 12, 2016 00:00:00",4.15,4.05
4.14,148880.0,4.07,"Jul 13, 2016 00:00:00",4.15,4.07
4.15,40159110.0,4.09,"Jul 14, 2016 00:00:00",4.3,4.07
4.1,392680.0,4.05,"Jul 15, 2016 00:00:00",4.19,4.05
4.06,7545330.0,4.06,"Jul 18, 2016 00:00:00",4.06,4.05
4.06,158340.0,4.06,"Jul 19, 2016 00:00:00",4.06,4.06
4.06,65660.0,4.16,"Jul 20, 2016 00:00:00",4.16,4.06
4.1,53010.0,4.1,"Jul 21, 2016 00:00:00",4.1,4.05
4.1,207600.0,4.07,"Jul 22, 2016 00:00:00",4.1,4.07
4.05,34914070.0,4.05,"Jul 25, 2016 00:00:00",4.1,4.05
4.14,53400.0,4.1,"Jul 26, 2016 00:00:00",4.14,4.1
4.1,102630.0,4.13,"Jul 28, 2016 00:00:00",4.13,4.05
4.05,24989510.0,4.06,"Jul 29, 2016 00:00:00",4.13,4.05
4.1,490540.0,4.05,"Aug 01, 2016 00:00:00",4.1,4.05
4.02,447410.0,4.01,"Aug 02, 2016 00:00:00",4.05,4.0
4.01,279590.0,3.9,"Aug 03, 2016 00:00:00",4.02,3.9
3.9,74540.0,3.93,"Aug 04, 2016 00:00:00",3.95,3.9
4.15,81340.0,4.0,"Aug 05, 2016 00:00:00",4.15,4.0
4.0,12000.0,4.0,"Aug 08, 2016 00:00:00",4.0,4.0
3.87,3870.0,3.87,"Aug 09, 2016 00:00:00",3.87,3.87
3.9,144300.0,3.9,"Aug 10, 2016 00:00:00",3.9,3.9
3.9,281220.0,3.85,"Aug 11, 2016 00:00:00",3.9,3.84
4.0,12000.0,4.0,"Aug 12, 2016 00:00:00",4.0,4.0
4.0,177600.0,3.85,"Aug 15, 2016 00:00:00",4.0,3.85
3.85,233800.0,3.85,"Aug 16, 2016 00:00:00",3.85,3.8
3.85,15250.0,3.8,"Aug 18, 2016 00:00:00",3.85,3.8
3.8,108300.0,3.7,"Aug 19, 2016 00:00:00",3.8,3.7
4.0,11800.0,3.9,"Aug 22, 2016 00:00:00",4.0,3.9
3.9,35100.0,3.9,"Aug 23, 2016 00:00:00",3.9,3.9
3.9,552350.0,3.8,"Aug 24, 2016 00:00:00",3.9,3.5
3.75,734930.0,3.7,"Aug 25, 2016 00:00:00",3.8,3.51
3.99,3990.0,3.99,"Aug 26, 2016 00:00:00",3.99,3.99
3.98,279220.0,3.68,"Aug 30, 2016 00:00:00",3.98,3.51
3.94,35120.0,3.8,"Aug 31, 2016 00:00:00",3.94,3.8
3.8,66700.0,3.7,"Sep 01, 2016 00:00:00",3.8,3.7
3.79,68260.0,3.7,"Sep 02, 2016 00:00:00",3.9,3.7
3.79,59560.0,3.7,"Sep 05, 2016 00:00:00",3.79,3.7
3.79,59560.0,3.7,"Sep 05, 2016 00:00:00",3.79,3.7
3.68,202140.0,3.99,"Sep 06, 2016 00:00:00",3.99,3.68
4.0,107310.0,3.99,"Sep 07, 2016 00:00:00",4.0,3.7
3.71,26500.0,3.97,"Sep 09, 2016 00:00:00",3.98,3.71
3.71,1513580.0,3.73,"Sep 13, 2016 00:00:00",3.73,3.7
3.75,112500.0,3.75,"Sep 14, 2016 00:00:00",3.75,3.75
3.9,54600.0,3.9,"Sep 15, 2016 00:00:00",3.9,3.9
3.9,101200.0,3.85,"Sep 16, 2016 00:00:00",3.9,3.85
3.84,3840.0,3.84,"Sep 19, 2016 00:00:00",3.84,3.84
3.8,1911590.0,3.85,"Sep 21, 2016 00:00:00",3.85,3.71
3.85,57600.0,3.7,"Sep 22, 2016 00:00:00",3.85,3.7
3.72,74400.0,3.72,"Sep 23, 2016 00:00:00",3.72,3.72
3.75,937500.0,3.75,"Sep 26, 2016 00:00:00",3.75,3.75
3.75,123750.0,3.75,"Sep 27, 2016 00:00:00",3.75,3.75
3.75,187500.0,3.75,"Sep 28, 2016 00:00:00",3.75,3.75
3.85,84700.0,3.85,"Sep 29, 2016 00:00:00",3.85,3.85
3.85,113250.0,3.77,"Sep 30, 2016 00:00:00",3.85,3.77
3.78,894390.0,3.79,"Oct 03, 2016 00:00:00",3.79,3.78
3.79,704940.0,3.79,"Oct 04, 2016 00:00:00",3.79,3.79
3.8,265310.0,3.79,"Oct 05, 2016 00:00:00",3.8,3.79
3.8,19000.0,3.8,"Oct 06, 2016 00:00:00",3.8,3.8
3.8,140600.0,3.8,"Oct 07, 2016 00:00:00",3.8,3.8
3.8,34360.0,3.84,"Oct 10, 2016 00:00:00",3.84,3.8
3.84,7680.0,3.84,"Oct 11, 2016 00:00:00",3.84,3.84
3.8,98800.0,3.8,"Oct 12, 2016 00:00:00",3.8,3.8
3.8,98800.0,3.8,"Oct 12, 2016 00:00:00",3.8,3.8
3.82,45810.0,3.82,"Oct 13, 2016 00:00:00",3.82,3.81
3.8,1147600.0,3.8,"Oct 14, 2016 00:00:00",3.8,3.8
3.8,347890.0,3.78,"Oct 17, 2016 00:00:00",3.95,3.77
3.8,311160.0,3.9,"Oct 18, 2016 00:00:00",3.9,3.78
3.9,7800.0,3.9,"Oct 20, 2016 00:00:00",3.9,3.9
3.89,42630.0,3.73,"Oct 21, 2016 00:00:00",3.89,3.73
3.9,62400.0,3.9,"Oct 24, 2016 00:00:00",3.9,3.9
3.72,141700.0,3.72,"Oct 25, 2016 00:00:00",3.89,3.72
3.8,152560.0,3.89,"Oct 26, 2016 00:00:00",3.89,3.72
3.7,48100.0,3.7,"Oct 27, 2016 00:00:00",3.7,3.7
3.9,144140.0,3.74,"Oct 28, 2016 00:00:00",3.9,3.74
3.9,7800.0,3.9,"Nov 02, 2016 00:00:00",3.9,3.9
3.75,56250.0,3.75,"Nov 03, 2016 00:00:00",3.75,3.75
3.8,45600.0,3.8,"Nov 04, 2016 00:00:00",3.8,3.8
3.85,7780.0,3.93,"Nov 10, 2016 00:00:00",3.93,3.85
3.81,79870.0,3.8,"Nov 11, 2016 00:00:00",3.81,3.8
3.8,15200.0,3.8,"Nov 14, 2016 00:00:00",3.8,3.8
3.8,79800.0,3.8,"Nov 16, 2016 00:00:00",3.8,3.8
3.8,98800.0,3.8,"Nov 21, 2016 00:00:00",3.8,3.8
3.74,3740.0,3.74,"Nov 23, 2016 00:00:00",3.74,3.74
3.88,19400.0,3.88,"Nov 24, 2016 00:00:00",3.88,3.88
3.88,19400.0,3.88,"Nov 24, 2016 00:00:00",3.88,3.88
3.88,19400.0,3.88,"Nov 24, 2016 00:00:00",3.88,3.88
3.88,62080.0,3.88,"Nov 29, 2016 00:00:00",3.88,3.88
3.8,131170.0,3.74,"Dec 12, 2016 00:00:00",3.8,3.74
3.76,37600.0,3.76,"Dec 13, 2016 00:00:00",3.76,3.76
3.76,94000.0,3.76,"Dec 14, 2016 00:00:00",3.76,3.76
3.88,147960.0,3.8,"Dec 15, 2016 00:00:00",3.88,3.76
3.76,52720.0,3.84,"Dec 16, 2016 00:00:00",3.84,3.76
3.75,90000.0,3.75,"Dec 19, 2016 00:00:00",3.75,3.75
3.75,1372300.0,3.74,"Dec 20, 2016 00:00:00",3.75,3.74
3.74,91630.0,3.85,"Dec 21, 2016 00:00:00",3.85,3.51
3.79,11370.0,3.79,"Dec 29, 2016 00:00:00",3.79,3.79
3.7,11100.0,3.7,"Jan 03, 2017 00:00:00",3.7,3.7
3.84,7680.0,3.84,"Jan 05, 2017 00:00:00",3.84,3.84
3.84,7680.0,3.84,"Jan 06, 2017 00:00:00",3.84,3.84
3.81,124500.0,3.96,"Jan 09, 2017 00:00:00",3.96,3.81
3.93,3930.0,3.93,"Jan 10, 2017 00:00:00",3.93,3.93
3.92,202060.0,4.0,"Jan 11, 2017 00:00:00",4.12,3.92
4.0,276800.0,3.84,"Jan 12, 2017 00:00:00",4.0,3.84
4.0,798300.0,4.14,"Jan 13, 2017 00:00:00",4.14,4.0
4.14,16550.0,4.13,"Jan 16, 2017 00:00:00",4.14,4.13
4.1,4100.0,4.1,"Jan 17, 2017 00:00:00",4.1,4.1
4.08,56990.0,4.07,"Jan 18, 2017 00:00:00",4.08,4.07
4.07,317600.0,4.18,"Jan 19, 2017 00:00:00",4.18,4.07
4.17,12450.0,4.14,"Jan 24, 2017 00:00:00",4.17,4.14
4.0,40140.0,4.14,"Jan 25, 2017 00:00:00",4.14,4.0
4.12,8240.0,4.12,"Jan 26, 2017 00:00:00",4.12,4.12
4.12,16480.0,4.12,"Jan 27, 2017 00:00:00",4.12,4.12
4.05,48440.0,4.1,"Jan 30, 2017 00:00:00",4.1,3.93
4.1,119090.0,4.01,"Jan 31, 2017 00:00:00",4.17,4.01
4.16,4160.0,4.16,"Feb 01, 2017 00:00:00",4.16,4.16
4.16,37420.0,4.16,"Feb 03, 2017 00:00:00",4.16,4.15
4.16,101710.0,4.16,"Feb 06, 2017 00:00:00",4.16,3.93
4.14,782590.0,4.39,"Feb 07, 2017 00:00:00",4.39,4.02
4.1,57440.0,4.14,"Feb 08, 2017 00:00:00",4.14,4.1
4.38,4380.0,4.38,"Feb 09, 2017 00:00:00",4.38,4.38
4.38,17540.0,4.38,"Feb 10, 2017 00:00:00",4.39,4.38
4.38,17540.0,4.38,"Feb 10, 2017 00:00:00",4.39,4.38
4.2,50500.0,4.12,"Feb 13, 2017 00:00:00",4.3,4.12
4.2,50500.0,4.12,"Feb 13, 2017 00:00:00",4.3,4.12
4.15,378570.0,4.18,"Feb 14, 2017 00:00:00",4.18,4.15
4.2,84000.0,4.2,"Feb 15, 2017 00:00:00",4.2,4.2
4.18,12580.0,4.2,"Feb 16, 2017 00:00:00",4.2,4.18
4.28,4280.0,4.28,"Feb 17, 2017 00:00:00",4.28,4.28
4.29,8500.0,4.21,"Feb 21, 2017 00:00:00",4.29,4.21
4.21,8420.0,4.21,"Feb 22, 2017 00:00:00",4.21,4.21
4.3,690460.0,4.45,"Feb 23, 2017 00:00:00",4.46,4.22
4.2,128290.0,4.24,"Feb 24, 2017 00:00:00",4.35,4.2
4.45,175550.0,4.26,"Feb 27, 2017 00:00:00",4.45,4.24
4.44,264940.0,4.35,"Feb 28, 2017 00:00:00",4.44,4.3
4.35,217450.0,4.35,"Mar 01, 2017 00:00:00",4.35,4.34
4.35,95780.0,4.43,"Mar 02, 2017 00:00:00",4.43,4.35
4.35,56430.0,4.3,"Mar 03, 2017 00:00:00",4.35,4.3
4.35,500150.0,4.38,"Mar 06, 2017 00:00:00",4.41,4.34
4.3,169350.0,4.23,"Mar 07, 2017 00:00:00",4.3,4.22
4.2,16800.0,4.2,"Mar 13, 2017 00:00:00",4.2,4.2
3.87,106610.0,4.0,"Mar 14, 2017 00:00:00",4.0,3.86
3.91,51890.0,4.0,"Mar 15, 2017 00:00:00",4.02,3.91
4.0,36150.0,4.05,"Mar 17, 2017 00:00:00",4.05,4.0
3.94,44540.0,4.06,"Mar 20, 2017 00:00:00",4.06,3.94
4.02,134860.0,3.96,"Mar 22, 2017 00:00:00",4.02,3.96
3.96,318190.0,4.02,"Mar 23, 2017 00:00:00",4.1,3.96
3.96,51480.0,3.96,"Mar 30, 2017 00:00:00",3.96,3.96
3.95,11870.0,3.96,"Mar 31, 2017 00:00:00",3.96,3.95
4.0,80000.0,4.0,"Apr 03, 2017 00:00:00",4.0,4.0
4.0,200000.0,4.0,"Apr 04, 2017 00:00:00",4.0,4.0
4.0,200000.0,4.0,"Apr 05, 2017 00:00:00",4.0,4.0
4.0,280860.0,3.95,"Apr 07, 2017 00:00:00",4.07,3.95
3.93,145470.0,3.95,"Apr 10, 2017 00:00:00",3.95,3.93
3.95,407850.0,3.92,"Apr 11, 2017 00:00:00",3.95,3.92
3.92,239790.0,4.04,"Apr 12, 2017 00:00:00",4.04,3.9
4.0,248720.0,4.23,"Apr 17, 2017 00:00:00",4.23,4.0
4.0,408430.0,4.2,"Apr 18, 2017 00:00:00",4.21,4.0
4.2,216610.0,4.19,"Apr 19, 2017 00:00:00",4.2,3.99
4.01,464070.0,4.0,"Apr 20, 2017 00:00:00",4.05,4.0
4.02,196020.0,4.0,"Apr 21, 2017 00:00:00",4.02,4.0
4.0,190890.0,3.96,"Apr 25, 2017 00:00:00",4.0,3.96
4.18,28960.0,4.17,"Apr 27, 2017 00:00:00",4.18,3.93
4.2,217210.0,3.97,"May 02, 2017 00:00:00",4.2,3.97
3.98,20350.0,4.13,"May 03, 2017 00:00:00",4.13,3.98
4.03,56450.0,4.03,"May 04, 2017 00:00:00",4.04,4.03
4.02,481240.0,4.1,"May 05, 2017 00:00:00",4.1,4.0
4.09,32660.0,4.05,"May 08, 2017 00:00:00",4.09,4.05
4.09,8180.0,4.09,"May 09, 2017 00:00:00",4.09,4.09
3.97,71460.0,3.97,"May 10, 2017 00:00:00",3.97,3.97
4.0,215160.0,4.03,"May 11, 2017 00:00:00",4.03,3.85
4.0,8000.0,4.0,"May 12, 2017 00:00:00",4.0,4.0
3.85,35610.0,4.01,"May 15, 2017 00:00:00",4.01,3.85
4.0,8000.0,4.0,"May 16, 2017 00:00:00",4.0,4.0
3.99,50900.0,3.91,"May 17, 2017 00:00:00",3.99,3.9
3.9,155480.0,4.02,"May 18, 2017 00:00:00",4.02,3.9
4.02,4020.0,4.02,"May 19, 2017 00:00:00",4.02,4.02
4.02,24200.0,4.05,"May 22, 2017 00:00:00",4.05,4.02
4.0,80000.0,4.0,"May 23, 2017 00:00:00",4.0,4.0
4.1,92300.0,4.1,"May 25, 2017 00:00:00",4.1,4.0
4.05,109780.0,4.05,"May 26, 2017 00:00:00",4.1,4.05
4.05,516240.0,3.95,"May 29, 2017 00:00:00",4.05,3.95
4.14,16560.0,4.14,"May 30, 2017 00:00:00",4.14,4.14
4.14,16290.0,4.1,"Jun 01, 2017 00:00:00",4.14,3.93
4.1,41000.0,4.1,"Jun 02, 2017 00:00:00",4.1,4.1
4.1,41000.0,4.1,"Jun 02, 2017 00:00:00",4.1,4.1
3.91,367540.0,4.0,"Jun 06, 2017 00:00:00",4.0,3.85
3.81,227100.0,3.87,"Jun 07, 2017 00:00:00",3.87,3.81
3.89,27490.0,3.92,"Jun 08, 2017 00:00:00",4.09,3.89
3.92,3920.0,3.92,"Jun 09, 2017 00:00:00",3.92,3.92
3.9,78200.0,3.9,"Jun 13, 2017 00:00:00",3.92,3.9
3.9,108840.0,3.92,"Jun 14, 2017 00:00:00",3.92,3.85
3.86,78340.0,3.92,"Jun 15, 2017 00:00:00",3.92,3.86
3.92,47350.0,3.95,"Jun 16, 2017 00:00:00",4.03,3.92
3.93,19650.0,3.93,"Jun 19, 2017 00:00:00",3.93,3.93
3.95,119100.0,4.0,"Jun 21, 2017 00:00:00",4.0,3.95
3.96,209880.0,3.96,"Jun 22, 2017 00:00:00",3.96,3.96
3.9,7950.0,4.05,"Jun 27, 2017 00:00:00",4.05,3.9
3.95,24160.0,4.05,"Jul 03, 2017 00:00:00",4.05,3.95
4.01,104500.0,4.05,"Jul 04, 2017 00:00:00",4.05,4.01
4.08,20400.0,4.08,"Jul 06, 2017 00:00:00",4.08,4.08
4.08,248870.0,4.07,"Jul 07, 2017 00:00:00",4.08,4.07
3.92,19600.0,3.92,"Jul 11, 2017 00:00:00",3.92,3.92
4.04,47740.0,3.96,"Jul 13, 2017 00:00:00",4.04,3.95
3.98,19900.0,3.98,"Jul 14, 2017 00:00:00",3.98,3.98
3.98,15920.0,3.98,"Jul 18, 2017 00:00:00",3.98,3.98
4.04,8080.0,4.04,"Jul 19, 2017 00:00:00",4.04,4.04
3.98,35480.0,3.93,"Jul 20, 2017 00:00:00",3.98,3.93
3.95,106650.0,3.95,"Jul 24, 2017 00:00:00",3.95,3.95
3.98,7960.0,3.98,"Jul 25, 2017 00:00:00",3.98,3.98
4.0,1040000.0,4.0,"Jul 26, 2017 00:00:00",4.0,4.0
4.03,28230.0,4.04,"Jul 27, 2017 00:00:00",4.04,4.03
3.96,7920.0,3.96,"Aug 01, 2017 00:00:00",3.96,3.96
3.98,55620.0,3.94,"Aug 02, 2017 00:00:00",3.98,3.94
3.95,11870.0,3.97,"Aug 03, 2017 00:00:00",3.97,3.95
4.05,4050.0,4.05,"Aug 04, 2017 00:00:00",4.05,4.05
3.95,217250.0,3.95,"Aug 07, 2017 00:00:00",3.95,3.95
3.95,55300.0,3.95,"Aug 09, 2017 00:00:00",3.95,3.95
3.95,15800.0,3.95,"Aug 10, 2017 00:00:00",3.95,3.95
3.94,35460.0,3.94,"Aug 11, 2017 00:00:00",3.94,3.94
3.98,15920.0,3.98,"Aug 16, 2017 00:00:00",3.98,3.98
3.96,98320.0,3.93,"Aug 17, 2017 00:00:00",3.96,3.93
3.96,7920.0,3.96,"Aug 18, 2017 00:00:00",3.96,3.96
3.92,11760.0,3.92,"Aug 22, 2017 00:00:00",3.92,3.92
3.9,1415700.0,3.9,"Aug 23, 2017 00:00:00",3.9,3.9
3.9,66300.0,3.9,"Aug 24, 2017 00:00:00",3.9,3.9
3.95,3950.0,3.95,"Aug 29, 2017 00:00:00",3.95,3.95
3.96,7920.0,3.96,"Aug 30, 2017 00:00:00",3.96,3.96
3.96,3960.0,3.96,"Aug 31, 2017 00:00:00",3.96,3.96
3.96,434610.0,4.3,"Sep 04, 2017 00:00:00",4.5,3.96
4.2,100650.0,4.17,"Sep 05, 2017 00:00:00",4.2,4.17
4.01,4010.0,4.01,"Sep 11, 2017 00:00:00",4.01,4.01
4.01,43840.0,4.01,"Sep 14, 2017 00:00:00",4.01,3.95
4.1,153690.0,3.88,"Sep 15, 2017 00:00:00",4.1,3.88
4.1,516560.0,4.1,"Sep 18, 2017 00:00:00",4.1,4.09
4.1,32680.0,4.08,"Sep 20, 2017 00:00:00",4.1,4.08
4.05,69100.0,4.05,"Sep 21, 2017 00:00:00",4.1,4.05
4.05,177020.0,3.88,"Sep 22, 2017 00:00:00",4.05,3.88
4.1,12090.0,3.9,"Sep 25, 2017 00:00:00",4.1,3.9
3.91,3910.0,3.91,"Sep 26, 2017 00:00:00",3.91,3.91
4.1,4100.0,4.1,"Sep 27, 2017 00:00:00",4.1,4.1
4.1,40150.0,3.93,"Sep 28, 2017 00:00:00",4.1,3.93
4.08,20370.0,4.05,"Sep 29, 2017 00:00:00",4.08,4.05
4.0,1407870.0,4.0,"Oct 04, 2017 00:00:00",4.0,3.91
4.0,9904260.0,4.02,"Oct 05, 2017 00:00:00",4.08,3.94
4.02,4020.0,4.02,"Oct 09, 2017 00:00:00",4.02,4.02
4.0,48500.0,4.05,"Oct 10, 2017 00:00:00",4.05,4.0
4.1,12240.0,4.04,"Oct 11, 2017 00:00:00",4.1,4.04
4.0,12000.0,4.0,"Oct 12, 2017 00:00:00",4.0,4.0
4.0,20000.0,4.0,"Oct 17, 2017 00:00:00",4.0,4.0
3.94,125820.0,3.93,"Oct 18, 2017 00:00:00",3.94,3.93
3.93,117310.0,3.91,"Oct 19, 2017 00:00:00",3.93,3.9
3.88,54590.0,3.91,"Oct 20, 2017 00:00:00",3.91,3.88
3.9,247780.0,3.86,"Oct 23, 2017 00:00:00",3.91,3.83
3.91,78010.0,3.9,"Oct 24, 2017 00:00:00",3.91,3.9
3.89,3890.0,3.89,"Oct 25, 2017 00:00:00",3.89,3.89
3.9,39000.0,3.9,"Oct 26, 2017 00:00:00",3.9,3.9
3.86,42540.0,3.9,"Oct 27, 2017 00:00:00",3.9,3.86
3.9,39000.0,3.9,"Oct 30, 2017 00:00:00",3.9,3.9
3.9,7790.0,3.89,"Nov 02, 2017 00:00:00",3.9,3.89
3.9,27300.0,3.9,"Nov 03, 2017 00:00:00",3.9,3.9
3.88,15490.0,3.87,"Nov 06, 2017 00:00:00",3.88,3.87
3.9,81900.0,3.9,"Nov 07, 2017 00:00:00",3.9,3.9
3.9,255160.0,3.86,"Nov 08, 2017 00:00:00",3.9,3.86
3.86,230940.0,3.84,"Nov 09, 2017 00:00:00",3.86,3.84
3.84,7680.0,3.84,"Nov 13, 2017 00:00:00",3.84,3.84
3.84,80640.0,3.84,"Nov 14, 2017 00:00:00",3.84,3.84
3.84,149760.0,3.84,"Nov 15, 2017 00:00:00",3.84,3.84
3.9,3900.0,3.9,"Nov 16, 2017 00:00:00",3.9,3.9
3.9,277490.0,3.83,"Nov 17, 2017 00:00:00",3.9,3.83
3.9,3900.0,3.9,"Nov 20, 2017 00:00:00",3.9,3.9
3.88,551660.0,3.75,"Nov 21, 2017 00:00:00",3.88,3.7
3.89,23340.0,3.89,"Nov 22, 2017 00:00:00",3.89,3.89
3.89,19450.0,3.89,"Nov 24, 2017 00:00:00",3.89,3.89
3.89,7690.0,3.8,"Nov 27, 2017 00:00:00",3.89,3.8
3.89,608390.0,3.9,"Nov 28, 2017 00:00:00",3.9,3.89
3.9,11700.0,3.9,"Dec 01, 2017 00:00:00",3.9,3.9
3.8,125400.0,3.8,"Dec 04, 2017 00:00:00",3.8,3.8
3.8,7600.0,3.8,"Dec 05, 2017 00:00:00",3.8,3.8
3.76,74140.0,3.7,"Dec 06, 2017 00:00:00",3.76,3.7
3.71,48130.0,3.7,"Dec 07, 2017 00:00:00",3.71,3.7
3.7,19070.0,3.89,"Dec 08, 2017 00:00:00",3.89,3.7
3.89,11660.0,3.88,"Dec 11, 2017 00:00:00",3.89,3.88
3.88,3880.0,3.88,"Dec 12, 2017 00:00:00",3.88,3.88
3.87,11610.0,3.87,"Dec 18, 2017 00:00:00",3.87,3.87
3.83,118720.0,3.7,"Dec 19, 2017 00:00:00",3.83,3.7
3.83,11490.0,3.83,"Dec 20, 2017 00:00:00",3.83,3.83
3.84,7680.0,3.84,"Dec 21, 2017 00:00:00",3.84,3.84
3.84,49920.0,3.84,"Dec 22, 2017 00:00:00",3.84,3.84
3.84,664120.0,3.8,"Dec 27, 2017 00:00:00",3.9,3.75
3.76,106790.0,3.89,"Dec 28, 2017 00:00:00",3.89,3.76
3.89,85190.0,3.82,"Dec 29, 2017 00:00:00",3.89,3.78
3.83,45960.0,3.83,"Jan 03, 2018 00:00:00",3.83,3.83
3.83,872740.0,3.91,"Jan 04, 2018 00:00:00",3.91,3.83
3.91,131500.0,3.89,"Jan 05, 2018 00:00:00",3.91,3.85
3.89,355480.0,3.91,"Jan 08, 2018 00:00:00",3.91,3.89
3.91,3910.0,3.91,"Jan 09, 2018 00:00:00",3.91,3.91
3.85,101300.0,3.9,"Jan 10, 2018 00:00:00",3.9,3.85
3.91,135150.0,3.86,"Jan 11, 2018 00:00:00",3.91,3.86
3.87,1446730.0,3.9,"Jan 12, 2018 00:00:00",4.36,3.87
3.9,19480.0,3.88,"Jan 15, 2018 00:00:00",3.9,3.88
3.92,406510.0,3.91,"Jan 16, 2018 00:00:00",3.92,3.9
3.91,684150.0,3.88,"Jan 17, 2018 00:00:00",3.91,3.86
3.91,96830.0,3.87,"Jan 18, 2018 00:00:00",3.91,3.87
3.91,104850.0,3.89,"Jan 19, 2018 00:00:00",3.91,3.88
3.91,15640.0,3.91,"Jan 22, 2018 00:00:00",3.91,3.91
3.91,152070.0,3.83,"Jan 23, 2018 00:00:00",3.91,3.83
3.9,168190.0,3.83,"Jan 24, 2018 00:00:00",3.9,3.8
3.81,1490700.0,3.8,"Jan 25, 2018 00:00:00",3.82,3.8
3.8,11400.0,3.8,"Jan 26, 2018 00:00:00",3.8,3.8
3.8,671010.0,3.8,"Jan 29, 2018 00:00:00",3.81,3.73
3.8,124600.0,3.75,"Jan 30, 2018 00:00:00",3.8,3.75
3.8,792640.0,3.75,"Jan 31, 2018 00:00:00",3.8,3.75
3.8,1477590.0,3.75,"Feb 01, 2018 00:00:00",3.8,3.72
3.77,1875820.0,3.7,"Feb 02, 2018 00:00:00",3.77,3.7
3.7,503400.0,3.7,"Feb 05, 2018 00:00:00",3.71,3.7
3.66,58670.0,3.67,"Feb 06, 2018 00:00:00",3.67,3.66
3.67,7340.0,3.67,"Feb 07, 2018 00:00:00",3.67,3.67
3.68,234830.0,3.66,"Feb 08, 2018 00:00:00",3.68,3.66
3.77,116960.0,3.78,"Feb 09, 2018 00:00:00",3.78,3.76
3.67,191020.0,3.67,"Feb 12, 2018 00:00:00",3.7,3.67
3.77,135390.0,3.76,"Feb 13, 2018 00:00:00",3.77,3.76
3.67,58740.0,3.67,"Feb 14, 2018 00:00:00",3.68,3.67
3.72,101190.0,3.75,"Feb 15, 2018 00:00:00",3.75,3.72
3.75,112370.0,3.75,"Feb 19, 2018 00:00:00",3.75,3.71
3.76,189140.0,3.7,"Feb 20, 2018 00:00:00",3.76,3.7
3.76,508500.0,3.7,"Feb 21, 2018 00:00:00",3.76,3.7
3.76,213350.0,3.74,"Feb 22, 2018 00:00:00",3.78,3.7
3.7,317800.0,3.7,"Feb 23, 2018 00:00:00",3.7,3.68
3.76,110700.0,3.68,"Feb 26, 2018 00:00:00",3.76,3.68
3.68,683020.0,3.5,"Feb 27, 2018 00:00:00",3.68,3.5
3.5,444840.0,3.37,"Feb 28, 2018 00:00:00",3.6,3.37
3.37,67560.0,3.5,"Mar 01, 2018 00:00:00",3.5,3.37
3.48,736450.0,3.48,"Mar 02, 2018 00:00:00",3.5,3.45
3.5,563680.0,3.5,"Mar 05, 2018 00:00:00",3.51,3.49
3.5,642290.0,3.2,"Mar 06, 2018 00:00:00",3.5,3.2
3.2,473390.0,3.18,"Mar 07, 2018 00:00:00",3.49,3.12
3.37,196000.0,3.2,"Mar 08, 2018 00:00:00",3.37,3.18
3.2,280250.0,3.34,"Mar 09, 2018 00:00:00",3.38,3.19
3.2,511230.0,3.2,"Mar 12, 2018 00:00:00",3.38,3.17
3.2,978200.0,3.1,"Mar 13, 2018 00:00:00",3.28,3.1
3.1,453310.0,3.11,"Mar 14, 2018 00:00:00",3.29,3.1
3.15,794880.0,3.1,"Mar 15, 2018 00:00:00",3.15,3.04
3.06,201430.0,3.18,"Mar 16, 2018 00:00:00",3.24,3.06
3.24,363320.0,3.1,"Mar 19, 2018 00:00:00",3.24,3.1
3.24,170570.0,3.05,"Mar 20, 2018 00:00:00",3.24,3.04
3.05,106760.0,3.06,"Mar 21, 2018 00:00:00",3.06,3.02
3.03,250650.0,3.2,"Mar 22, 2018 00:00:00",3.2,3.02
3.01,162400.0,3.05,"Mar 23, 2018 00:00:00",3.17,3.01
3.23,144820.0,3.18,"Mar 26, 2018 00:00:00",3.23,3.05
3.2,28830.0,3.2,"Mar 27, 2018 00:00:00",3.21,3.2
3.2,65850.0,3.1,"Mar 28, 2018 00:00:00",3.2,3.1
3.19,6380.0,3.19,"Apr 02, 2018 00:00:00",3.19,3.19
3.08,24640.0,3.08,"Apr 04, 2018 00:00:00",3.08,3.08
3.08,9240.0,3.08,"Apr 05, 2018 00:00:00",3.08,3.08
3.1,55750.0,3.1,"Apr 10, 2018 00:00:00",3.1,3.09
3.1,55800.0,3.1,"Apr 11, 2018 00:00:00",3.1,3.1
3.18,9540.0,3.18,"Apr 12, 2018 00:00:00",3.18,3.18
3.17,376190.0,3.19,"Apr 13, 2018 00:00:00",3.21,3.08
3.18,585220.0,3.0,"Apr 16, 2018 00:00:00",3.18,3.0
3.0,153060.0,3.0,"Apr 17, 2018 00:00:00",3.01,3.0
2.99,179510.0,2.98,"Apr 18, 2018 00:00:00",3.16,2.97
2.97,142560.0,2.97,"Apr 19, 2018 00:00:00",2.97,2.97
2.95,40030.0,3.14,"Apr 20, 2018 00:00:00",3.18,2.95
3.17,37980.0,3.14,"Apr 24, 2018 00:00:00",3.17,3.14
3.15,90200.0,2.6,"Apr 25, 2018 00:00:00",3.15,2.6
2.77,186840.0,3.13,"Apr 26, 2018 00:00:00",3.13,2.77
3.11,304970.0,3.18,"Apr 27, 2018 00:00:00",3.21,3.11
3.16,79170.0,3.13,"Apr 30, 2018 00:00:00",3.16,2.9
3.1,257310.0,3.05,"May 02, 2018 00:00:00",3.1,3.05
3.04,75150.0,3.0,"May 03, 2018 00:00:00",3.04,3.0
3.14,89860.0,3.02,"May 04, 2018 00:00:00",3.14,3.02
3.12,12420.0,3.1,"May 07, 2018 00:00:00",3.12,3.1
3.08,271050.0,3.08,"May 09, 2018 00:00:00",3.09,3.08
3.0,26980.0,2.98,"May 11, 2018 00:00:00",3.06,2.97
3.07,15320.0,3.04,"May 15, 2018 00:00:00",3.07,3.04
3.05,36450.0,3.0,"May 16, 2018 00:00:00",3.05,3.0
3.04,24080.0,3.0,"May 17, 2018 00:00:00",3.04,3.0
3.0,78000.0,3.0,"May 18, 2018 00:00:00",3.0,3.0
2.98,2980.0,2.98,"May 21, 2018 00:00:00",2.98,2.98
2.97,46860.0,2.9,"May 22, 2018 00:00:00",2.97,2.9
2.9,1455820.0,2.91,"May 23, 2018 00:00:00",2.91,2.9
3.0,11970.0,2.99,"May 24, 2018 00:00:00",3.0,2.99
2.81,57100.0,2.99,"May 25, 2018 00:00:00",2.99,2.81
2.91,2910.0,2.91,"May 29, 2018 00:00:00",2.91,2.91
2.95,1606660.0,2.8,"May 30, 2018 00:00:00",2.95,2.8
2.86,248590.0,2.99,"May 31, 2018 00:00:00",2.99,2.75
2.9,224010.0,2.88,"Jun 01, 2018 00:00:00",2.9,2.76
2.75,281510.0,2.91,"Jun 04, 2018 00:00:00",2.91,2.75
2.88,45670.0,2.88,"Jun 05, 2018 00:00:00",2.88,2.81
2.88,72060.0,2.94,"Jun 06, 2018 00:00:00",2.94,2.88
2.94,35440.0,2.99,"Jun 08, 2018 00:00:00",2.99,2.94
2.97,247860.0,3.0,"Jun 11, 2018 00:00:00",3.0,2.97
3.0,9000.0,3.0,"Jun 13, 2018 00:00:00",3.0,3.0
2.9,8700.0,2.9,"Jun 14, 2018 00:00:00",2.9,2.9
2.88,8640.0,2.88,"Jun 18, 2018 00:00:00",2.88,2.88
2.9,51820.0,2.86,"Jun 19, 2018 00:00:00",2.9,2.86
2.72,67810.0,2.71,"Jun 20, 2018 00:00:00",2.72,2.71
2.7,111310.0,2.71,"Jun 21, 2018 00:00:00",2.96,2.61
2.79,67510.0,2.82,"Jun 22, 2018 00:00:00",2.83,2.79
2.91,2910.0,2.91,"Jun 25, 2018 00:00:00",2.91,2.91
2.91,332860.0,2.71,"Jun 26, 2018 00:00:00",2.91,2.66
2.74,60400.0,2.73,"Jun 27, 2018 00:00:00",2.79,2.73
2.84,16990.0,2.83,"Jun 29, 2018 00:00:00",2.84,2.83
2.67,64270.0,2.8,"Jul 02, 2018 00:00:00",2.8,2.67
2.9,20280.0,2.89,"Jul 03, 2018 00:00:00",2.9,2.89
2.9,14500.0,2.9,"Jul 04, 2018 00:00:00",2.9,2.9
2.89,8540.0,2.76,"Jul 05, 2018 00:00:00",2.89,2.76
2.77,24860.0,2.76,"Jul 09, 2018 00:00:00",2.77,2.76
2.88,42230.0,2.82,"Jul 10, 2018 00:00:00",2.88,2.76
2.84,25160.0,2.76,"Jul 12, 2018 00:00:00",2.84,2.76
2.76,512310.0,2.7,"Jul 13, 2018 00:00:00",2.76,2.7
2.72,196030.0,2.68,"Jul 16, 2018 00:00:00",2.72,2.6
2.68,174400.0,2.69,"Jul 17, 2018 00:00:00",2.69,2.67
2.7,130300.0,2.87,"Jul 18, 2018 00:00:00",2.87,2.66
2.84,5680.0,2.84,"Jul 19, 2018 00:00:00",2.84,2.84
2.85,73120.0,2.75,"Jul 20, 2018 00:00:00",2.86,2.75
2.76,99290.0,2.75,"Jul 25, 2018 00:00:00",2.77,2.75
2.71,70450.0,2.76,"Jul 26, 2018 00:00:00",2.8,2.7
2.75,146100.0,2.76,"Jul 27, 2018 00:00:00",2.76,2.75
2.76,5520.0,2.76,"Jul 30, 2018 00:00:00",2.76,2.76
2.76,16560.0,2.76,"Jul 31, 2018 00:00:00",2.76,2.76
2.74,68900.0,2.76,"Aug 01, 2018 00:00:00",2.76,2.74
2.76,74230.0,2.74,"Aug 02, 2018 00:00:00",2.76,2.74
2.8,57850.0,2.75,"Aug 03, 2018 00:00:00",2.8,2.75
2.7,13500.0,2.74,"Aug 06, 2018 00:00:00",2.74,2.68
2.74,80100.0,2.79,"Aug 07, 2018 00:00:00",2.79,2.65
2.75,2750.0,2.75,"Aug 10, 2018 00:00:00",2.75,2.75
2.67,2670.0,2.67,"Aug 13, 2018 00:00:00",2.67,2.67
2.67,574670.0,2.6,"Aug 14, 2018 00:00:00",2.67,2.56
2.58,26180.0,2.62,"Aug 15, 2018 00:00:00",2.67,2.58
2.58,255010.0,2.73,"Aug 16, 2018 00:00:00",2.73,2.55
2.71,13550.0,2.71,"Aug 17, 2018 00:00:00",2.71,2.71
2.75,141940.0,2.71,"Aug 20, 2018 00:00:00",2.75,2.56
2.7,65900.0,2.65,"Aug 23, 2018 00:00:00",2.7,2.55
2.62,31500.0,2.68,"Aug 24, 2018 00:00:00",2.68,2.62
2.69,32370.0,2.7,"Aug 28, 2018 00:00:00",2.7,2.69
2.7,133080.0,2.55,"Aug 29, 2018 00:00:00",2.7,2.55
2.55,479570.0,2.55,"Aug 30, 2018 00:00:00",2.57,2.55
2.64,15640.0,2.6,"Aug 31, 2018 00:00:00",2.64,2.6
2.6,5200.0,2.6,"Sep 03, 2018 00:00:00",2.6,2.6
2.64,258920.0,2.64,"Sep 04, 2018 00:00:00",2.65,2.63
2.62,18280.0,2.6,"Sep 05, 2018 00:00:00",2.62,2.6
2.51,374680.0,2.5,"Sep 07, 2018 00:00:00",2.51,2.45
2.49,74800.0,2.5,"Sep 10, 2018 00:00:00",2.5,2.49
2.5,50520.0,2.59,"Sep 11, 2018 00:00:00",2.59,2.48
2.47,22290.0,2.58,"Sep 12, 2018 00:00:00",2.58,2.46
2.56,15360.0,2.56,"Sep 13, 2018 00:00:00",2.56,2.56
2.42,252130.0,2.38,"Sep 17, 2018 00:00:00",2.43,2.36
2.32,53300.0,2.4,"Sep 18, 2018 00:00:00",2.4,2.3
2.4,43200.0,2.4,"Sep 20, 2018 00:00:00",2.4,2.4
2.36,50960.0,2.43,"Sep 21, 2018 00:00:00",2.43,2.36
2.36,50960.0,2.43,"Sep 21, 2018 00:00:00",2.43,2.36
2.61,7830.0,2.61,"Sep 24, 2018 00:00:00",2.61,2.61
2.61,7830.0,2.61,"Sep 24, 2018 00:00:00",2.61,2.61
2.59,31150.0,2.59,"Sep 25, 2018 00:00:00",2.6,2.59
2.5,37980.0,2.54,"Sep 26, 2018 00:00:00",2.54,2.5
2.6,108270.0,2.4,"Sep 27, 2018 00:00:00",2.6,2.36
2.58,5150.0,2.57,"Sep 28, 2018 00:00:00",2.58,2.57
2.56,12800.0,2.56,"Oct 01, 2018 00:00:00",2.56,2.56
2.54,84400.0,2.56,"Oct 02, 2018 00:00:00",2.56,2.5
2.56,119220.0,2.36,"Oct 03, 2018 00:00:00",2.56,2.36
2.56,88690.0,2.4,"Oct 04, 2018 00:00:00",2.56,2.4
2.4,24000.0,2.4,"Oct 05, 2018 00:00:00",2.4,2.4
2.56,30840.0,2.58,"Oct 08, 2018 00:00:00",2.58,2.56
2.45,7350.0,2.45,"Oct 10, 2018 00:00:00",2.45,2.45
2.55,12250.0,2.4,"Oct 11, 2018 00:00:00",2.55,2.4
2.53,45350.0,2.5,"Oct 12, 2018 00:00:00",2.53,2.5
2.4,118080.0,2.27,"Oct 15, 2018 00:00:00",2.49,2.27
2.4,191480.0,2.3,"Oct 16, 2018 00:00:00",2.4,2.25
2.19,111700.0,2.28,"Oct 17, 2018 00:00:00",2.28,2.19
2.57,215380.0,2.27,"Oct 19, 2018 00:00:00",2.57,2.2
2.28,73610.0,2.26,"Oct 22, 2018 00:00:00",2.28,2.2
2.43,4690.0,2.26,"Oct 23, 2018 00:00:00",2.43,2.26
2.36,61080.0,2.43,"Oct 24, 2018 00:00:00",2.44,2.3
2.43,24300.0,2.43,"Oct 25, 2018 00:00:00",2.43,2.43
2.44,14420.0,2.33,"Oct 26, 2018 00:00:00",2.44,2.33
2.49,2490.0,2.49,"Oct 29, 2018 00:00:00",2.49,2.49
2.45,36750.0,2.45,"Oct 31, 2018 00:00:00",2.45,2.45
2.3,32280.0,2.31,"Nov 05, 2018 00:00:00",2.35,2.26
2.31,11540.0,2.31,"Nov 06, 2018 00:00:00",2.31,2.3
2.4,18760.0,2.31,"Nov 07, 2018 00:00:00",2.42,2.31
2.31,163170.0,2.23,"Nov 08, 2018 00:00:00",2.31,2.23
2.36,271120.0,2.53,"Nov 09, 2018 00:00:00",2.57,2.36
2.53,560120.0,2.58,"Nov 12, 2018 00:00:00",2.58,2.52
2.52,174800.0,2.56,"Nov 13, 2018 00:00:00",2.56,2.4
2.45,705890.0,2.35,"Nov 14, 2018 00:00:00",2.45,2.35
2.35,23460.0,2.35,"Nov 16, 2018 00:00:00",2.35,2.33
2.33,295290.0,2.3,"Nov 19, 2018 00:00:00",2.33,2.3
2.3,73420.0,2.3,"Nov 20, 2018 00:00:00",2.3,2.28
2.3,98200.0,2.35,"Nov 21, 2018 00:00:00",2.35,2.29
2.3,6900.0,2.3,"Nov 22, 2018 00:00:00",2.3,2.3
2.3,94460.0,2.35,"Nov 23, 2018 00:00:00",2.35,2.29
2.34,7020.0,2.34,"Nov 26, 2018 00:00:00",2.34,2.34
2.3,9200.0,2.3,"Nov 27, 2018 00:00:00",2.3,2.3
2.3,2300.0,2.3,"Nov 29, 2018 00:00:00",2.3,2.3
2.34,11540.0,2.3,"Dec 03, 2018 00:00:00",2.34,2.3
2.3,67050.0,2.36,"Dec 04, 2018 00:00:00",2.36,2.28
2.3,52940.0,2.34,"Dec 05, 2018 00:00:00",2.34,2.3
2.3,239250.0,2.3,"Dec 06, 2018 00:00:00",2.34,2.3
2.29,2319970.0,2.15,"Dec 07, 2018 00:00:00",2.32,2.15
2.18,151650.0,2.16,"Dec 10, 2018 00:00:00",2.23,2.15
2.16,196790.0,2.18,"Dec 12, 2018 00:00:00",2.18,2.16
2.2,70400.0,2.2,"Dec 13, 2018 00:00:00",2.2,2.2
2.21,57340.0,2.2,"Dec 14, 2018 00:00:00",2.22,2.2
2.2,41280.0,2.16,"Dec 17, 2018 00:00:00",2.2,2.16
2.16,266590.0,2.14,"Dec 18, 2018 00:00:00",2.16,2.14
2.15,116140.0,2.18,"Dec 19, 2018 00:00:00",2.18,2.14
2.22,245420.0,2.19,"Dec 20, 2018 00:00:00",2.22,2.19
2.18,10940.0,2.19,"Dec 21, 2018 00:00:00",2.19,2.18
2.16,271740.0,2.15,"Dec 27, 2018 00:00:00",2.19,2.12
2.2,32880.0,2.19,"Dec 28, 2018 00:00:00",2.2,2.19
2.18,34180.0,2.11,"Jan 02, 2019 00:00:00",2.18,2.11
2.1,590790.0,2.14,"Jan 03, 2019 00:00:00",2.14,2.08
2.12,382010.0,2.15,"Jan 04, 2019 00:00:00",2.17,2.12
2.18,71810.0,2.18,"Jan 07, 2019 00:00:00",2.18,2.15
2.18,273670.0,2.1,"Jan 08, 2019 00:00:00",2.18,2.1
2.15,186760.0,2.2,"Jan 09, 2019 00:00:00",2.2,2.15
2.21,71660.0,2.25,"Jan 10, 2019 00:00:00",2.26,2.2
2.24,24340.0,2.21,"Jan 11, 2019 00:00:00",2.24,2.21
2.21,38090.0,2.25,"Jan 14, 2019 00:00:00",2.27,2.21
2.26,144060.0,2.3,"Jan 15, 2019 00:00:00",2.3,2.26
2.3,337340.0,2.34,"Jan 16, 2019 00:00:00",2.34,2.3
2.35,91260.0,2.34,"Jan 17, 2019 00:00:00",2.38,2.32
2.37,9470.0,2.37,"Jan 18, 2019 00:00:00",2.37,2.36
2.37,346840.0,2.4,"Jan 21, 2019 00:00:00",2.4,2.34
2.33,371070.0,2.3,"Jan 22, 2019 00:00:00",2.33,2.3
2.28,203450.0,2.25,"Jan 23, 2019 00:00:00",2.28,2.25
2.25,1376610.0,2.15,"Jan 24, 2019 00:00:00",2.3,2.0
2.15,113790.0,2.17,"Jan 25, 2019 00:00:00",2.17,2.13
2.15,207100.0,2.17,"Jan 28, 2019 00:00:00",2.17,2.13
2.17,145690.0,2.16,"Jan 29, 2019 00:00:00",2.17,2.12
2.12,25770.0,2.15,"Jan 30, 2019 00:00:00",2.15,2.12
2.17,234330.0,2.17,"Jan 31, 2019 00:00:00",2.17,2.16
2.17,130200.0,2.17,"Feb 01, 2019 00:00:00",2.17,2.17
2.17,43400.0,2.17,"Feb 04, 2019 00:00:00",2.17,2.17
2.17,297120.0,2.23,"Feb 06, 2019 00:00:00",2.23,2.17
2.23,33970.0,2.29,"Feb 07, 2019 00:00:00",2.29,2.23
2.28,80390.0,2.28,"Feb 08, 2019 00:00:00",2.32,2.28
2.28,85950.0,2.26,"Feb 11, 2019 00:00:00",2.28,2.26
2.26,201030.0,2.32,"Feb 12, 2019 00:00:00",2.32,2.25
2.29,1626070.0,2.27,"Feb 13, 2019 00:00:00",2.3,2.27
2.31,27040.0,2.24,"Feb 14, 2019 00:00:00",2.31,2.24
2.24,2240.0,2.24,"Feb 15, 2019 00:00:00",2.24,2.24
2.23,84740.0,2.23,"Feb 18, 2019 00:00:00",2.23,2.23
2.3,58080.0,2.22,"Feb 19, 2019 00:00:00",2.3,2.22
2.23,75920.0,2.28,"Feb 20, 2019 00:00:00",2.28,2.23
2.23,13430.0,2.24,"Feb 21, 2019 00:00:00",2.24,2.23
2.24,6720.0,2.24,"Feb 22, 2019 00:00:00",2.24,2.24
2.23,24600.0,2.3,"Feb 26, 2019 00:00:00",2.3,2.23
2.29,57090.0,2.25,"Feb 27, 2019 00:00:00",2.29,2.25
2.29,15940.0,2.25,"Feb 28, 2019 00:00:00",2.29,2.25
2.24,33490.0,2.23,"Mar 01, 2019 00:00:00",2.24,2.23
2.29,527330.0,2.34,"Mar 04, 2019 00:00:00",2.35,2.23
2.34,550160.0,2.34,"Mar 05, 2019 00:00:00",2.44,2.3
2.34,58360.0,2.34,"Mar 06, 2019 00:00:00",2.34,2.32
2.32,50860.0,2.34,"Mar 07, 2019 00:00:00",2.34,2.28
2.33,91680.0,2.4,"Mar 08, 2019 00:00:00",2.4,2.33
2.38,49580.0,2.36,"Mar 11, 2019 00:00:00",2.38,2.36
2.26,13880.0,2.34,"Mar 12, 2019 00:00:00",2.34,2.26
2.3,15950.0,2.3,"Mar 13, 2019 00:00:00",2.3,2.27
2.28,13630.0,2.27,"Mar 14, 2019 00:00:00",2.28,2.27
2.34,155020.0,2.32,"Mar 15, 2019 00:00:00",2.35,2.23
2.32,91520.0,2.29,"Mar 18, 2019 00:00:00",2.32,2.25
2.25,241380.0,2.3,"Mar 19, 2019 00:00:00",2.3,2.24
2.3,18420.0,2.31,"Mar 20, 2019 00:00:00",2.31,2.3
2.25,72190.0,2.31,"Mar 21, 2019 00:00:00",2.31,2.23
2.25,54000.0,2.25,"Mar 22, 2019 00:00:00",2.25,2.25
2.24,73570.0,2.24,"Mar 25, 2019 00:00:00",2.27,2.22
2.23,80120.0,2.26,"Mar 26, 2019 00:00:00",2.28,2.22
2.23,24570.0,2.23,"Mar 27, 2019 00:00:00",2.27,2.23
2.22,26740.0,2.27,"Mar 28, 2019 00:00:00",2.27,2.22
2.29,115570.0,2.28,"Mar 29, 2019 00:00:00",2.29,2.22
2.27,9030.0,2.27,"Apr 01, 2019 00:00:00",2.27,2.22
2.26,38550.0,2.27,"Apr 02, 2019 00:00:00",2.27,2.26
2.22,55540.0,2.26,"Apr 03, 2019 00:00:00",2.26,2.21
2.26,2260.0,2.26,"Apr 04, 2019 00:00:00",2.26,2.26
2.26,37700.0,2.25,"Apr 08, 2019 00:00:00",2.26,2.17
2.2,721690.0,2.26,"Apr 12, 2019 00:00:00",2.26,2.18
2.19,52010.0,2.16,"Apr 15, 2019 00:00:00",2.23,2.16
2.23,365270.0,2.22,"Apr 16, 2019 00:00:00",2.23,2.16
2.22,259700.0,2.22,"Apr 17, 2019 00:00:00",2.22,2.2
2.2,59880.0,2.22,"Apr 22, 2019 00:00:00",2.22,2.2
2.19,13140.0,2.19,"Apr 23, 2019 00:00:00",2.19,2.19
2.18,37110.0,2.17,"Apr 24, 2019 00:00:00",2.19,2.17
2.17,19530.0,2.17,"Apr 25, 2019 00:00:00",2.17,2.17
2.17,21610.0,2.16,"Apr 30, 2019 00:00:00",2.17,2.16
2.16,92960.0,2.19,"May 02, 2019 00:00:00",2.19,2.16
2.2,42120.0,2.17,"May 03, 2019 00:00:00",2.24,2.17
2.18,17440.0,2.18,"May 07, 2019 00:00:00",2.18,2.18
2.2,2200.0,2.2,"May 08, 2019 00:00:00",2.2,2.2
2.27,123450.0,2.16,"May 09, 2019 00:00:00",2.27,2.16
2.16,99420.0,2.16,"May 10, 2019 00:00:00",2.19,2.16
2.19,8760.0,2.19,"May 14, 2019 00:00:00",2.19,2.19
2.14,126340.0,2.15,"May 15, 2019 00:00:00",2.16,2.14
2.15,30100.0,2.15,"May 16, 2019 00:00:00",2.15,2.15
2.15,6450.0,2.15,"May 20, 2019 00:00:00",2.15,2.15
2.15,10750.0,2.15,"May 21, 2019 00:00:00",2.15,2.15
2.16,19440.0,2.16,"May 22, 2019 00:00:00",2.16,2.16
2.16,10980.0,2.25,"May 23, 2019 00:00:00",2.25,2.16
2.26,44750.0,2.23,"May 24, 2019 00:00:00",2.26,2.23
2.17,28210.0,2.17,"May 27, 2019 00:00:00",2.17,2.17
2.2,6600.0,2.2,"May 28, 2019 00:00:00",2.2,2.2
2.24,15620.0,2.23,"May 29, 2019 00:00:00",2.24,2.21
2.2,31450.0,2.25,"May 30, 2019 00:00:00",2.25,2.2
2.25,22500.0,2.25,"May 31, 2019 00:00:00",2.25,2.25
2.24,8960.0,2.24,"Jun 03, 2019 00:00:00",2.24,2.24
2.24,33600.0,2.24,"Jun 04, 2019 00:00:00",2.24,2.24
2.23,8920.0,2.23,"Jun 06, 2019 00:00:00",2.23,2.23
2.23,625300.0,2.25,"Jun 07, 2019 00:00:00",2.25,2.23
2.26,94510.0,2.32,"Jun 10, 2019 00:00:00",2.32,2.23
2.3,9200.0,2.3,"Jun 11, 2019 00:00:00",2.3,2.3
2.16,151180.0,2.15,"Jun 13, 2019 00:00:00",2.18,2.1
2.21,152730.0,2.25,"Jun 14, 2019 00:00:00",2.25,2.21
2.25,33750.0,2.25,"Jun 17, 2019 00:00:00",2.25,2.25
2.26,2260.0,2.26,"Jun 18, 2019 00:00:00",2.26,2.26
2.25,253410.0,2.31,"Jun 20, 2019 00:00:00",2.34,2.25
2.3,570620.0,2.31,"Jun 21, 2019 00:00:00",2.34,2.3
2.35,541030.0,2.35,"Jun 24, 2019 00:00:00",2.35,2.32
2.32,254720.0,2.36,"Jun 25, 2019 00:00:00",2.36,2.32
2.36,92170.0,2.35,"Jun 26, 2019 00:00:00",2.38,2.35
2.4,117940.0,2.42,"Jun 27, 2019 00:00:00",2.42,2.4
2.42,644510.0,2.41,"Jun 28, 2019 00:00:00",2.42,2.32
2.41,67270.0,2.41,"Jul 01, 2019 00:00:00",2.41,2.4
2.41,133040.0,2.41,"Jul 02, 2019 00:00:00",2.42,2.41
2.42,63140.0,2.43,"Jul 03, 2019 00:00:00",2.43,2.42
2.43,128910.0,2.44,"Jul 04, 2019 00:00:00",2.44,2.43
2.44,728500.0,2.43,"Jul 05, 2019 00:00:00",2.44,2.31
2.44,296740.0,2.43,"Jul 08, 2019 00:00:00",2.44,2.32
2.43,526030.0,2.44,"Jul 09, 2019 00:00:00",2.44,2.43
2.45,629270.0,2.4,"Jul 10, 2019 00:00:00",2.5,2.4
2.4,26230.0,2.32,"Jul 11, 2019 00:00:00",2.4,2.32
2.36,587510.0,2.35,"Jul 12, 2019 00:00:00",2.36,2.35
2.46,2970300.0,2.42,"Jul 15, 2019 00:00:00",2.46,2.32
2.32,292210.0,2.34,"Jul 17, 2019 00:00:00",2.34,2.32
2.34,1402530.0,2.36,"Jul 18, 2019 00:00:00",2.36,2.32
2.35,9500.0,2.39,"Jul 22, 2019 00:00:00",2.39,2.35
2.39,546500.0,2.32,"Jul 23, 2019 00:00:00",2.39,2.32
2.3,154860.0,2.31,"Jul 24, 2019 00:00:00",2.31,2.2
2.32,71710.0,2.21,"Jul 25, 2019 00:00:00",2.32,2.21
2.21,97510.0,2.28,"Jul 26, 2019 00:00:00",2.28,2.2
2.38,3046250.0,2.25,"Jul 29, 2019 00:00:00",2.38,2.18
2.3,4724960.0,2.23,"Jul 30, 2019 00:00:00",2.3,2.23
2.23,27040.0,2.31,"Jul 31, 2019 00:00:00",2.31,2.21
2.19,235980.0,2.25,"Aug 01, 2019 00:00:00",2.25,2.18
2.21,162080.0,2.31,"Aug 02, 2019 00:00:00",2.33,2.19
2.25,295240.0,2.17,"Aug 05, 2019 00:00:00",2.25,2.17
2.17,435940.0,2.15,"Aug 06, 2019 00:00:00",2.17,2.15
2.15,8600.0,2.15,"Aug 07, 2019 00:00:00",2.15,2.15
2.27,4540.0,2.27,"Aug 08, 2019 00:00:00",2.27,2.27
2.27,2270.0,2.27,"Aug 09, 2019 00:00:00",2.27,2.27
2.26,193640.0,1.8,"Aug 13, 2019 00:00:00",2.26,1.8
2.2,170340.0,1.97,"Aug 15, 2019 00:00:00",2.2,1.93
1.96,19870.0,2.09,"Aug 16, 2019 00:00:00",2.09,1.95
2.09,35410.0,2.05,"Aug 19, 2019 00:00:00",2.09,2.05
2.18,15260.0,2.18,"Aug 20, 2019 00:00:00",2.18,2.18
2.06,24740.0,2.06,"Aug 22, 2019 00:00:00",2.07,2.06
2.08,8280.0,2.06,"Aug 23, 2019 00:00:00",2.08,2.06
2.06,6180.0,2.06,"Aug 27, 2019 00:00:00",2.06,2.06
2.06,42230.0,1.9,"Aug 28, 2019 00:00:00",2.07,1.9
2.0,6263360.0,2.12,"Aug 29, 2019 00:00:00",2.14,2.0
1.93,1930.0,1.93,"Aug 30, 2019 00:00:00",1.93,1.93
1.94,6237520.0,2.0,"Sep 02, 2019 00:00:00",2.0,1.94
2.02,40170.0,2.0,"Sep 04, 2019 00:00:00",2.02,2.0
2.0,69560.0,2.17,"Sep 05, 2019 00:00:00",2.17,2.0
2.01,10040.0,2.0,"Sep 09, 2019 00:00:00",2.01,2.0
2.02,16340.0,2.11,"Sep 11, 2019 00:00:00",2.11,2.02
2.11,35790.0,2.09,"Sep 12, 2019 00:00:00",2.11,2.09
2.17,2170.0,2.17,"Sep 13, 2019 00:00:00",2.17,2.17
2.14,2140.0,2.14,"Sep 17, 2019 00:00:00",2.14,2.14
2.13,10650.0,2.13,"Sep 18, 2019 00:00:00",2.13,2.13
2.02,2020.0,2.02,"Sep 20, 2019 00:00:00",2.02,2.02
2.03,24650.0,2.09,"Sep 23, 2019 00:00:00",2.09,2.02
2.09,2090.0,2.09,"Sep 24, 2019 00:00:00",2.09,2.09
2.02,12120.0,2.02,"Sep 25, 2019 00:00:00",2.02,2.02
2.02,10260.0,2.06,"Sep 26, 2019 00:00:00",2.06,2.02
2.06,36160.0,2.0,"Sep 27, 2019 00:00:00",2.06,2.0
2.02,20020.0,2.0,"Sep 30, 2019 00:00:00",2.02,2.0
2.0,103350.0,2.0,"Oct 03, 2019 00:00:00",2.0,1.9
1.88,3880.0,2.0,"Oct 04, 2019 00:00:00",2.0,1.88
1.9,9590.0,1.99,"Oct 07, 2019 00:00:00",1.99,1.9
2.0,4000.0,2.0,"Oct 08, 2019 00:00:00",2.0,2.0
2.0,63900.0,1.93,"Oct 09, 2019 00:00:00",2.0,1.92
2.11,26370.0,2.09,"Oct 11, 2019 00:00:00",2.11,1.91
2.05,14350.0,2.05,"Oct 14, 2019 00:00:00",2.05,2.05
1.91,18270.0,2.05,"Oct 16, 2019 00:00:00",2.05,1.91
2.05,10050.0,2.0,"Oct 17, 2019 00:00:00",2.05,2.0
2.0,6000.0,2.0,"Oct 21, 2019 00:00:00",2.0,2.0
1.89,17630.0,2.04,"Oct 23, 2019 00:00:00",2.04,1.89
1.91,239950.0,1.8,"Oct 25, 2019 00:00:00",1.91,1.8
1.99,66000.0,2.08,"Oct 28, 2019 00:00:00",2.1,1.99
2.08,66100.0,2.08,"Oct 29, 2019 00:00:00",2.08,2.06
1.91,11380.0,1.84,"Oct 31, 2019 00:00:00",1.91,1.84
1.92,4023920.0,1.93,"Nov 04, 2019 00:00:00",1.93,1.92
2.01,58430.0,1.94,"Nov 06, 2019 00:00:00",2.02,1.94
1.93,95650.0,1.9,"Nov 07, 2019 00:00:00",1.93,1.9
1.9,9530.0,1.91,"Nov 08, 2019 00:00:00",1.91,1.9
2.03,51410.0,2.07,"Nov 11, 2019 00:00:00",2.07,2.03
2.05,6150.0,2.05,"Nov 12, 2019 00:00:00",2.05,2.05
2.0,17983010.0,2.0,"Nov 13, 2019 00:00:00",2.1,2.0
2.0,2000.0,2.0,"Nov 18, 2019 00:00:00",2.0,2.0
1.89,41840.0,1.9,"Nov 19, 2019 00:00:00",1.91,1.89
1.9,11400.0,1.9,"Nov 20, 2019 00:00:00",1.9,1.9
1.9,13300.0,1.9,"Nov 21, 2019 00:00:00",1.9,1.9
1.89,105320.0,1.88,"Nov 27, 2019 00:00:00",1.89,1.88
1.88,15040.0,1.88,"Nov 28, 2019 00:00:00",1.88,1.88
1.85,1850.0,1.85,"Nov 29, 2019 00:00:00",1.85,1.85
1.86,37050.0,1.85,"Dec 02, 2019 00:00:00",1.86,1.85
1.87,80780.0,1.88,"Dec 04, 2019 00:00:00",1.88,1.87
1.85,64870.0,1.91,"Dec 05, 2019 00:00:00",1.91,1.85
1.91,1910.0,1.91,"Dec 06, 2019 00:00:00",1.91,1.91
1.85,16610.0,1.84,"Dec 09, 2019 00:00:00",1.85,1.84
1.85,46250.0,1.85,"Dec 11, 2019 00:00:00",1.85,1.85
1.95,250790.0,1.76,"Dec 13, 2019 00:00:00",1.95,1.76
1.77,116030.0,1.85,"Dec 16, 2019 00:00:00",1.85,1.77
1.99,305950.0,1.95,"Dec 17, 2019 00:00:00",1.99,1.94
1.82,45290.0,1.81,"Dec 18, 2019 00:00:00",1.82,1.81
1.9,129020.0,2.09,"Dec 19, 2019 00:00:00",2.09,1.9
2.04,74500.0,1.87,"Dec 26, 2019 00:00:00",2.04,1.84
2.02,330160.0,1.87,"Dec 27, 2019 00:00:00",2.02,1.84
1.85,48000.0,1.85,"Jan 02, 2020 00:00:00",1.85,1.83
1.85,122290.0,1.86,"Jan 03, 2020 00:00:00",1.86,1.83
1.97,73860.0,1.92,"Jan 06, 2020 00:00:00",1.97,1.92
1.86,103120.0,1.9,"Jan 07, 2020 00:00:00",1.9,1.85
1.94,189850.0,2.05,"Jan 08, 2020 00:00:00",2.05,1.94
2.0,93840.0,2.1,"Jan 09, 2020 00:00:00",2.1,2.0
2.05,76710.0,2.11,"Jan 10, 2020 00:00:00",2.11,2.0
2.12,1199320.0,2.25,"Jan 14, 2020 00:00:00",2.4,2.12
2.34,524410.0,2.43,"Jan 15, 2020 00:00:00",2.43,2.24
2.3,12469860.0,3.15,"Jan 16, 2020 00:00:00",3.48,2.3
3.12,1622650.0,2.8,"Jan 17, 2020 00:00:00",3.14,2.75
2.89,805200.0,2.84,"Jan 20, 2020 00:00:00",3.17,2.8
3.0,1605150.0,3.1,"Jan 21, 2020 00:00:00",3.24,2.9
3.1,1491360.0,2.9,"Jan 22, 2020 00:00:00",3.14,2.87
2.9,8721590.0,2.93,"Jan 23, 2020 00:00:00",3.44,2.84
3.04,6135070.0,3.16,"Jan 24, 2020 00:00:00",3.35,3.0
